allele,allele_frequency,n_sb_row_instances_ic50_lt_150nm,n_unique_epitopes_ic50_lt_150nm
HLA-A*01:01,0.1646,176,77
HLA-A*02:01,0.2755,1186,522
HLA-A*02:03,1.93e-05,1552,695
HLA-A*02:06,0.0018,2056,918
HLA-A*03:01,0.1399,679,385
HLA-A*11:01,0.0609,921,520
HLA-A*23:01,0.0197,645,300
HLA-A*24:02,0.0846,441,220
HLA-A*26:01,0.0309,333,146
HLA-A*30:01,0.013,2002,1073
HLA-A*30:02,0.009,364,184
HLA-A*31:01,0.027,1455,802
HLA-A*32:01,0.0355,1431,648
HLA-A*33:01,0.0081,772,427
HLA-A*68:01,0.0319,1264,662
HLA-A*68:02,0.0084,1609,722
HLA-B*07:02,0.1306,767,421
HLA-B*08:01,0.1144,607,309
HLA-B*15:01,0.0606,826,366
HLA-B*35:01,0.056,995,456
HLA-B*40:01,0.0528,365,154
HLA-B*44:02,0.0952,231,98
HLA-B*44:03,0.0467,256,107
HLA-B*51:01,0.0473,168,90
HLA-B*53:01,0.0034,611,272
HLA-B*57:01,0.0365,673,322
HLA-B*58:01,0.0073,992,453
