profile_id,imm_min,proc_min,el_max_pct,el_lte,ic50_max_nm,filter_label,sig_n_rows,sig_n_unique_peptides,coding_n_rows,coding_n_unique_peptides,ratio_sig_over_coding_unique,ic50_source,sig_pct_of_baseline_pct,coding_pct_of_baseline_pct,sig_fold_vs_baseline,coding_fold_vs_baseline,ratio_pct_of_baseline_pct
imm0p05_proc1p25_ellt1_ic50lt150,0.05,1.25,1.0,False,150.0,"imm>0.05, proc>1.25, EL<1%, IC50<150nM",1092,331,40011,10987,0.0301265131519068,iedb_netmhcpan_ba_ic50,181.86813186813185,100.0,1.8186813186813187,1.0,181.86813186813188
imm0p05_proc1p25_ellt1_ic50lt500,0.05,1.25,1.0,False,500.0,"imm>0.05, proc>1.25, EL<1%, IC50<500nM",1983,482,63415,13665,0.03527259421880717,iedb_netmhcpan_ba_ic50,264.83516483516485,124.37426048966961,2.6483516483516483,1.2437426048966962,212.9340619132057
imm0p05_proc1p25_ellt1_ic50lt1000,0.05,1.25,1.0,False,1000.0,"imm>0.05, proc>1.25, EL<1%, IC50<1000nM",2888,579,80271,15163,0.038185055727758356,iedb_netmhcpan_ba_ic50,318.13186813186815,138.00855556566853,3.181318681318681,1.3800855556566851,230.51604795652807
imm0p05_proc1p25_ellt2_ic50lt150,0.05,1.25,2.0,False,150.0,"imm>0.05, proc>1.25, EL<2%, IC50<150nM",1098,331,41213,11208,0.02953247680228408,iedb_netmhcpan_ba_ic50,181.86813186813185,102.01146809866205,1.8186813186813187,1.0201146809866206,178.28204539928308
imm0p05_proc1p25_ellt2_ic50lt500,0.05,1.25,2.0,False,500.0,"imm>0.05, proc>1.25, EL<2%, IC50<500nM",1999,484,67760,14244,0.033979219320415616,iedb_netmhcpan_ba_ic50,265.9340659340659,129.6441248748521,2.659340659340659,1.296441248748521,205.1261992711024
imm0p05_proc1p25_ellt2_ic50lt1000,0.05,1.25,2.0,False,1000.0,"imm>0.05, proc>1.25, EL<2%, IC50<1000nM",2920,583,89173,16107,0.03619544297510399,iedb_netmhcpan_ba_ic50,320.3296703296703,146.6005278966051,3.2032967032967035,1.4660052789660507,218.50512745465252
imm0p05_proc1p25_ellt5_ic50lt150,0.05,1.25,5.0,False,150.0,"imm>0.05, proc>1.25, EL<5%, IC50<150nM",1098,331,41543,11258,0.02940131462071416,iedb_netmhcpan_ba_ic50,181.86813186813185,102.46655137890234,1.8186813186813187,1.0246655137890235,177.49024381197057
imm0p05_proc1p25_ellt5_ic50lt500,0.05,1.25,5.0,False,500.0,"imm>0.05, proc>1.25, EL<5%, IC50<500nM",1999,484,69355,14474,0.033439270415918196,iedb_netmhcpan_ba_ic50,265.9340659340659,131.7375079639574,2.659340659340659,1.317375079639574,201.86662860422706
imm0p05_proc1p25_ellt5_ic50lt1000,0.05,1.25,5.0,False,1000.0,"imm>0.05, proc>1.25, EL<5%, IC50<1000nM",2921,583,93069,16572,0.03517982138546947,iedb_netmhcpan_ba_ic50,320.3296703296703,150.83280240283972,3.2032967032967035,1.5083280240283972,212.37400964953463
imm0p05_proc1p25_ellt10_ic50lt150,0.05,1.25,10.0,False,150.0,"imm>0.05, proc>1.25, EL<10%, IC50<150nM",1098,331,41562,11261,0.02939348192878075,iedb_netmhcpan_ba_ic50,181.86813186813185,102.49385637571676,1.8186813186813187,1.0249385637571675,177.44295931401874
imm0p05_proc1p25_ellt10_ic50lt500,0.05,1.25,10.0,False,500.0,"imm>0.05, proc>1.25, EL<10%, IC50<500nM",1999,484,69526,14504,0.03337010479867623,iedb_netmhcpan_ba_ic50,265.9340659340659,132.01055793210156,2.659340659340659,1.3201055793210157,201.44908869398665
imm0p05_proc1p25_ellt10_ic50lt1000,0.05,1.25,10.0,False,1000.0,"imm>0.05, proc>1.25, EL<10%, IC50<1000nM",2921,583,93547,16647,0.035021325163693155,iedb_netmhcpan_ba_ic50,320.3296703296703,151.51542732320016,3.2032967032967035,1.5151542732320014,211.4171975678553
imm0p05_proc1p5_ellt1_ic50lt150,0.05,1.5,1.0,False,150.0,"imm>0.05, proc>1.5, EL<1%, IC50<150nM",853,271,40011,10987,0.024665513789023392,iedb_netmhcpan_ba_ic50,148.9010989010989,100.0,1.489010989010989,1.0,148.90109890109892
imm0p05_proc1p5_ellt1_ic50lt500,0.05,1.5,1.0,False,500.0,"imm>0.05, proc>1.5, EL<1%, IC50<500nM",1594,392,63415,13665,0.028686425173801683,iedb_netmhcpan_ba_ic50,215.3846153846154,124.37426048966961,2.1538461538461537,1.2437426048966962,173.17458977173578
imm0p05_proc1p5_ellt1_ic50lt1000,0.05,1.5,1.0,False,1000.0,"imm>0.05, proc>1.5, EL<1%, IC50<1000nM",2351,467,80271,15163,0.030798654619798194,iedb_netmhcpan_ba_ic50,256.5934065934066,138.00855556566853,2.565934065934066,1.3800855556566851,185.92572434490262
imm0p05_proc1p5_ellt2_ic50lt150,0.05,1.5,2.0,False,150.0,"imm>0.05, proc>1.5, EL<2%, IC50<150nM",853,271,41213,11208,0.024179157744468237,iedb_netmhcpan_ba_ic50,148.9010989010989,102.01146809866205,1.489010989010989,1.0201146809866206,145.96505831784205
imm0p05_proc1p5_ellt2_ic50lt500,0.05,1.5,2.0,False,500.0,"imm>0.05, proc>1.5, EL<2%, IC50<500nM",1601,394,67760,14244,0.02766076944678461,iedb_netmhcpan_ba_ic50,216.4835164835165,129.6441248748521,2.1648351648351647,1.296441248748521,166.98289775374866
imm0p05_proc1p5_ellt2_ic50lt1000,0.05,1.5,2.0,False,1000.0,"imm>0.05, proc>1.5, EL<2%, IC50<1000nM",2372,471,89173,16107,0.029241944496181786,iedb_netmhcpan_ba_ic50,258.7912087912088,146.6005278966051,2.587912087912088,1.4660052789660507,176.5281561426095
imm0p05_proc1p5_ellt5_ic50lt150,0.05,1.5,5.0,False,150.0,"imm>0.05, proc>1.5, EL<5%, IC50<150nM",853,271,41543,11258,0.024071771184935156,iedb_netmhcpan_ba_ic50,148.9010989010989,102.46655137890234,1.489010989010989,1.0246655137890235,145.31678571916626
imm0p05_proc1p5_ellt5_ic50lt500,0.05,1.5,5.0,False,500.0,"imm>0.05, proc>1.5, EL<5%, IC50<500nM",1601,394,69355,14474,0.02722122426419787,iedb_netmhcpan_ba_ic50,216.4835164835165,131.7375079639574,2.1648351648351647,1.317375079639574,164.3294455993088
imm0p05_proc1p5_ellt5_ic50lt1000,0.05,1.5,5.0,False,1000.0,"imm>0.05, proc>1.5, EL<5%, IC50<1000nM",2373,471,93069,16572,0.02842143374366401,iedb_netmhcpan_ba_ic50,258.7912087912088,150.83280240283972,2.587912087912088,1.5083280240283972,171.57488601188817
imm0p05_proc1p5_ellt10_ic50lt150,0.05,1.5,10.0,False,150.0,"imm>0.05, proc>1.5, EL<10%, IC50<150nM",853,271,41562,11261,0.02406535831631294,iedb_netmhcpan_ba_ic50,148.9010989010989,102.49385637571676,1.489010989010989,1.0249385637571675,145.27807242930234
imm0p05_proc1p5_ellt10_ic50lt500,0.05,1.5,10.0,False,500.0,"imm>0.05, proc>1.5, EL<10%, IC50<500nM",1601,394,69526,14504,0.027164920022062878,iedb_netmhcpan_ba_ic50,216.4835164835165,132.01055793210156,2.1648351648351647,1.3201055793210157,163.98954740791476
imm0p05_proc1p5_ellt10_ic50lt1000,0.05,1.5,10.0,False,1000.0,"imm>0.05, proc>1.5, EL<10%, IC50<1000nM",2373,471,93547,16647,0.028293386195710937,iedb_netmhcpan_ba_ic50,258.7912087912088,151.51542732320016,2.587912087912088,1.5151542732320014,170.801886885866
imm0p05_proc1p75_ellt1_ic50lt150,0.05,1.75,1.0,False,150.0,"imm>0.05, proc>1.75, EL<1%, IC50<150nM",614,184,40011,10987,0.01674706471284245,iedb_netmhcpan_ba_ic50,101.0989010989011,100.0,1.010989010989011,1.0,101.0989010989011
imm0p05_proc1p75_ellt1_ic50lt500,0.05,1.75,1.0,False,500.0,"imm>0.05, proc>1.75, EL<1%, IC50<500nM",1129,258,63415,13665,0.018880351262349066,iedb_netmhcpan_ba_ic50,141.75824175824175,124.37426048966961,1.4175824175824177,1.2437426048966962,113.97715347221384
imm0p05_proc1p75_ellt1_ic50lt1000,0.05,1.75,1.0,False,1000.0,"imm>0.05, proc>1.75, EL<1%, IC50<1000nM",1696,315,80271,15163,0.020774253116137967,iedb_netmhcpan_ba_ic50,173.07692307692307,138.00855556566853,1.7307692307692308,1.3800855556566851,125.41028515769663
imm0p05_proc1p75_ellt2_ic50lt150,0.05,1.75,2.0,False,150.0,"imm>0.05, proc>1.75, EL<2%, IC50<150nM",614,184,41213,11208,0.01641684511063526,iedb_netmhcpan_ba_ic50,101.0989010989011,102.01146809866205,1.010989010989011,1.0201146809866206,99.10542704975254
imm0p05_proc1p75_ellt2_ic50lt500,0.05,1.75,2.0,False,500.0,"imm>0.05, proc>1.75, EL<2%, IC50<500nM",1136,260,67760,14244,0.01825329963493401,iedb_netmhcpan_ba_ic50,142.85714285714286,129.6441248748521,1.4285714285714286,1.296441248748521,110.19175993902195
imm0p05_proc1p75_ellt2_ic50lt1000,0.05,1.75,2.0,False,1000.0,"imm>0.05, proc>1.75, EL<2%, IC50<1000nM",1715,319,89173,16107,0.019805053703358787,iedb_netmhcpan_ba_ic50,175.27472527472528,146.6005278966051,1.7527472527472527,1.4660052789660507,119.55940936197968
imm0p05_proc1p75_ellt5_ic50lt150,0.05,1.75,5.0,False,150.0,"imm>0.05, proc>1.75, EL<5%, IC50<150nM",614,184,41543,11258,0.016343933203055605,iedb_netmhcpan_ba_ic50,101.0989010989011,102.46655137890234,1.010989010989011,1.0246655137890235,98.66527148459997
imm0p05_proc1p75_ellt5_ic50lt500,0.05,1.75,5.0,False,500.0,"imm>0.05, proc>1.75, EL<5%, IC50<500nM",1136,260,69355,14474,0.017963244438303164,iedb_netmhcpan_ba_ic50,142.85714285714286,131.7375079639574,1.4285714285714286,1.317375079639574,108.44075090309718
imm0p05_proc1p75_ellt5_ic50lt1000,0.05,1.75,5.0,False,1000.0,"imm>0.05, proc>1.75, EL<5%, IC50<1000nM",1716,319,93069,16572,0.01924933622978518,iedb_netmhcpan_ba_ic50,175.27472527472528,150.83280240283972,1.7527472527472527,1.5083280240283972,116.204646789368
imm0p05_proc1p75_ellt10_ic50lt150,0.05,1.75,10.0,False,150.0,"imm>0.05, proc>1.75, EL<10%, IC50<150nM",614,184,41562,11261,0.016339579078234617,iedb_netmhcpan_ba_ic50,101.0989010989011,102.49385637571676,1.010989010989011,1.0249385637571675,98.63898644646359
imm0p05_proc1p75_ellt10_ic50lt500,0.05,1.75,10.0,False,500.0,"imm>0.05, proc>1.75, EL<10%, IC50<500nM",1136,260,69526,14504,0.017926089354660783,iedb_netmhcpan_ba_ic50,142.85714285714286,132.01055793210156,1.4285714285714286,1.3201055793210157,108.21645260420772
imm0p05_proc1p75_ellt10_ic50lt1000,0.05,1.75,10.0,False,1000.0,"imm>0.05, proc>1.75, EL<10%, IC50<1000nM",1716,319,93547,16647,0.019162611882020786,iedb_netmhcpan_ba_ic50,175.27472527472528,151.51542732320016,1.7527472527472527,1.5151542732320014,115.68110810316614
imm0p1_proc1p25_ellt1_ic50lt150,0.1,1.25,1.0,False,150.0,"imm>0.1, proc>1.25, EL<1%, IC50<150nM",799,229,40011,10987,0.020842814235005006,iedb_netmhcpan_ba_ic50,125.82417582417582,100.0,1.2582417582417582,1.0,125.82417582417584
imm0p1_proc1p25_ellt1_ic50lt500,0.1,1.25,1.0,False,500.0,"imm>0.1, proc>1.25, EL<1%, IC50<500nM",1434,341,63415,13665,0.02495426271496524,iedb_netmhcpan_ba_ic50,187.36263736263737,124.37426048966961,1.8736263736263736,1.2437426048966962,150.6442222249028
imm0p1_proc1p25_ellt1_ic50lt1000,0.1,1.25,1.0,False,1000.0,"imm>0.1, proc>1.25, EL<1%, IC50<1000nM",2083,414,80271,15163,0.027303304095495615,iedb_netmhcpan_ba_ic50,227.47252747252747,138.00855556566853,2.2747252747252746,1.3800855556566851,164.82494620725845
imm0p1_proc1p25_ellt2_ic50lt150,0.1,1.25,2.0,False,150.0,"imm>0.1, proc>1.25, EL<2%, IC50<150nM",805,229,41213,11208,0.020431834403997144,iedb_netmhcpan_ba_ic50,125.82417582417582,102.01146809866205,1.2582417582417582,1.0201146809866206,123.34316736083332
imm0p1_proc1p25_ellt2_ic50lt500,0.1,1.25,2.0,False,500.0,"imm>0.1, proc>1.25, EL<2%, IC50<500nM",1446,342,67760,14244,0.02401010951979781,iedb_netmhcpan_ba_ic50,187.9120879120879,129.6441248748521,1.879120879120879,1.296441248748521,144.94454576594427
imm0p1_proc1p25_ellt2_ic50lt1000,0.1,1.25,2.0,False,1000.0,"imm>0.1, proc>1.25, EL<2%, IC50<1000nM",2107,416,89173,16107,0.0258272800645682,iedb_netmhcpan_ba_ic50,228.57142857142858,146.6005278966051,2.2857142857142856,1.4660052789660507,155.91446487330265
imm0p1_proc1p25_ellt5_ic50lt150,0.1,1.25,5.0,False,150.0,"imm>0.1, proc>1.25, EL<5%, IC50<150nM",805,229,41543,11258,0.020341090779889857,iedb_netmhcpan_ba_ic50,125.82417582417582,102.46655137890234,1.2582417582417582,1.0246655137890235,122.79536505420323
imm0p1_proc1p25_ellt5_ic50lt500,0.1,1.25,5.0,False,500.0,"imm>0.1, proc>1.25, EL<5%, IC50<500nM",1446,342,69355,14474,0.023628575376537238,iedb_netmhcpan_ba_ic50,187.9120879120879,131.7375079639574,1.879120879120879,1.317375079639574,142.64129541868937
imm0p1_proc1p25_ellt5_ic50lt1000,0.1,1.25,5.0,False,1000.0,"imm>0.1, proc>1.25, EL<5%, IC50<1000nM",2108,416,93069,16572,0.02510258266956312,iedb_netmhcpan_ba_ic50,228.57142857142858,150.83280240283972,2.2857142857142856,1.5083280240283972,151.53960208268683
imm0p1_proc1p25_ellt10_ic50lt150,0.1,1.25,10.0,False,150.0,"imm>0.1, proc>1.25, EL<10%, IC50<150nM",805,229,41562,11261,0.020335671787585472,iedb_netmhcpan_ba_ic50,125.82417582417582,102.49385637571676,1.2582417582417582,1.0249385637571675,122.76265161000087
imm0p1_proc1p25_ellt10_ic50lt500,0.1,1.25,10.0,False,500.0,"imm>0.1, proc>1.25, EL<10%, IC50<500nM",1446,342,69526,14504,0.023579702151130724,iedb_netmhcpan_ba_ic50,187.9120879120879,132.01055793210156,1.879120879120879,1.3201055793210157,142.3462568870732
imm0p1_proc1p25_ellt10_ic50lt1000,0.1,1.25,10.0,False,1000.0,"imm>0.1, proc>1.25, EL<10%, IC50<1000nM",2108,416,93547,16647,0.024989487595362528,iedb_netmhcpan_ba_ic50,228.57142857142858,151.51542732320016,2.2857142857142856,1.5151542732320014,150.8568682473891
imm0p1_proc1p5_ellt1_ic50lt150,0.1,1.5,1.0,False,150.0,"imm>0.1, proc>1.5, EL<1%, IC50<150nM",617,182,40011,10987,0.016565031400746336,iedb_netmhcpan_ba_ic50,100.0,100.0,1.0,1.0,100.0
imm0p1_proc1p5_ellt1_ic50lt500,0.1,1.5,1.0,False,500.0,"imm>0.1, proc>1.5, EL<1%, IC50<500nM",1133,269,63415,13665,0.01968532747896085,iedb_netmhcpan_ba_ic50,147.8021978021978,124.37426048966961,1.478021978021978,1.2437426048966962,118.83664451172685
imm0p1_proc1p5_ellt1_ic50lt1000,0.1,1.5,1.0,False,1000.0,"imm>0.1, proc>1.5, EL<1%, IC50<1000nM",1677,327,80271,15163,0.021565653234847985,iedb_netmhcpan_ba_ic50,179.67032967032966,138.00855556566853,1.7967032967032968,1.3800855556566851,130.18781983037078
imm0p1_proc1p5_ellt2_ic50lt150,0.1,1.5,2.0,False,150.0,"imm>0.1, proc>1.5, EL<2%, IC50<150nM",617,182,41213,11208,0.0162384011420414,iedb_netmhcpan_ba_ic50,100.0,102.01146809866205,1.0,1.0201146809866206,98.02819414703784
imm0p1_proc1p5_ellt2_ic50lt500,0.1,1.5,2.0,False,500.0,"imm>0.1, proc>1.5, EL<2%, IC50<500nM",1136,270,67760,14244,0.018955349620893007,iedb_netmhcpan_ba_ic50,148.35164835164835,129.6441248748521,1.4835164835164836,1.296441248748521,114.42990455206125
imm0p1_proc1p5_ellt2_ic50lt1000,0.1,1.5,2.0,False,1000.0,"imm>0.1, proc>1.5, EL<2%, IC50<1000nM",1690,329,89173,16107,0.020425901781833986,iedb_netmhcpan_ba_ic50,180.76923076923077,146.6005278966051,1.8076923076923077,1.4660052789660507,123.30735322912639
imm0p1_proc1p5_ellt5_ic50lt150,0.1,1.5,5.0,False,150.0,"imm>0.1, proc>1.5, EL<5%, IC50<150nM",617,182,41543,11258,0.016166281755196306,iedb_netmhcpan_ba_ic50,100.0,102.46655137890234,1.0,1.0246655137890235,97.59282288150649
imm0p1_proc1p5_ellt5_ic50lt500,0.1,1.5,5.0,False,500.0,"imm>0.1, proc>1.5, EL<5%, IC50<500nM",1136,270,69355,14474,0.01865413845516098,iedb_netmhcpan_ba_ic50,148.35164835164835,131.7375079639574,1.4835164835164836,1.317375079639574,112.61154901475476
imm0p1_proc1p5_ellt5_ic50lt1000,0.1,1.5,5.0,False,1000.0,"imm>0.1, proc>1.5, EL<5%, IC50<1000nM",1691,329,93069,16572,0.019852763697803526,iedb_netmhcpan_ba_ic50,180.76923076923077,150.83280240283972,1.8076923076923077,1.5083280240283972,119.84742568558646
imm0p1_proc1p5_ellt10_ic50lt150,0.1,1.5,10.0,False,150.0,"imm>0.1, proc>1.5, EL<10%, IC50<150nM",617,182,41562,11261,0.01616197495781902,iedb_netmhcpan_ba_ic50,100.0,102.49385637571676,1.0,1.0249385637571675,97.56682355030637
imm0p1_proc1p5_ellt10_ic50lt500,0.1,1.5,10.0,False,500.0,"imm>0.1, proc>1.5, EL<10%, IC50<500nM",1136,270,69526,14504,0.018615554329840044,iedb_netmhcpan_ba_ic50,148.35164835164835,132.01055793210156,1.4835164835164836,1.3201055793210157,112.37862385821569
imm0p1_proc1p5_ellt10_ic50lt1000,0.1,1.5,10.0,False,1000.0,"imm>0.1, proc>1.5, EL<10%, IC50<1000nM",1691,329,93547,16647,0.019763320718447767,iedb_netmhcpan_ba_ic50,180.76923076923077,151.51542732320016,1.8076923076923077,1.5151542732320014,119.30747512834375
imm0p1_proc1p75_ellt1_ic50lt150,0.1,1.75,1.0,False,150.0,"imm>0.1, proc>1.75, EL<1%, IC50<150nM",462,127,40011,10987,0.011559115318103212,iedb_netmhcpan_ba_ic50,69.78021978021978,100.0,0.6978021978021978,1.0,69.78021978021978
imm0p1_proc1p75_ellt1_ic50lt500,0.1,1.75,1.0,False,500.0,"imm>0.1, proc>1.75, EL<1%, IC50<500nM",819,182,63415,13665,0.01331869740212221,iedb_netmhcpan_ba_ic50,100.0,124.37426048966961,1.0,1.2437426048966962,80.40248810830589
imm0p1_proc1p75_ellt1_ic50lt1000,0.1,1.75,1.0,False,1000.0,"imm>0.1, proc>1.75, EL<1%, IC50<1000nM",1237,224,80271,15163,0.014772802215920332,iedb_netmhcpan_ba_ic50,123.07692307692308,138.00855556566853,1.2307692307692308,1.3800855556566851,89.18064722325093
imm0p1_proc1p75_ellt2_ic50lt150,0.1,1.75,2.0,False,150.0,"imm>0.1, proc>1.75, EL<2%, IC50<150nM",462,127,41213,11208,0.011331192005710207,iedb_netmhcpan_ba_ic50,69.78021978021978,102.01146809866205,0.6978021978021978,1.0201146809866206,68.40428932238353
imm0p1_proc1p75_ellt2_ic50lt500,0.1,1.75,2.0,False,500.0,"imm>0.1, proc>1.75, EL<2%, IC50<500nM",822,183,67760,14244,0.012847514743049706,iedb_netmhcpan_ba_ic50,100.54945054945055,129.6441248748521,1.0054945054945055,1.296441248748521,77.5580464186193
imm0p1_proc1p75_ellt2_ic50lt1000,0.1,1.75,2.0,False,1000.0,"imm>0.1, proc>1.75, EL<2%, IC50<1000nM",1248,226,89173,16107,0.014031166573539455,iedb_netmhcpan_ba_ic50,124.17582417582418,146.6005278966051,1.2417582417582418,1.4660052789660507,84.70353139751538
imm0p1_proc1p75_ellt5_ic50lt150,0.1,1.75,5.0,False,150.0,"imm>0.1, proc>1.75, EL<5%, IC50<150nM",462,127,41543,11258,0.011280866939065553,iedb_netmhcpan_ba_ic50,69.78021978021978,102.46655137890234,0.6978021978021978,1.0246655137890235,68.10048629643583
imm0p1_proc1p75_ellt5_ic50lt500,0.1,1.75,5.0,False,500.0,"imm>0.1, proc>1.75, EL<5%, IC50<500nM",822,183,69355,14474,0.012643360508497997,iedb_netmhcpan_ba_ic50,100.54945054945055,131.7375079639574,1.0054945054945055,1.317375079639574,76.32560544333379
imm0p1_proc1p75_ellt5_ic50lt1000,0.1,1.75,5.0,False,1000.0,"imm>0.1, proc>1.75, EL<5%, IC50<1000nM",1249,226,93069,16572,0.013637460777214578,iedb_netmhcpan_ba_ic50,124.17582417582418,150.83280240283972,1.2417582417582418,1.5083280240283972,82.32680305453658
imm0p1_proc1p75_ellt10_ic50lt150,0.1,1.75,10.0,False,150.0,"imm>0.1, proc>1.75, EL<10%, IC50<150nM",462,127,41562,11261,0.011277861646390197,iedb_netmhcpan_ba_ic50,69.78021978021978,102.49385637571676,0.6978021978021978,1.0249385637571675,68.08234390598302
imm0p1_proc1p75_ellt10_ic50lt500,0.1,1.75,10.0,False,500.0,"imm>0.1, proc>1.75, EL<10%, IC50<500nM",822,183,69526,14504,0.012617209045780474,iedb_netmhcpan_ba_ic50,100.54945054945055,132.01055793210156,1.0054945054945055,1.3201055793210157,76.16773394834618
imm0p1_proc1p75_ellt10_ic50lt1000,0.1,1.75,10.0,False,1000.0,"imm>0.1, proc>1.75, EL<10%, IC50<1000nM",1249,226,93547,16647,0.013576019703249835,iedb_netmhcpan_ba_ic50,124.17582417582418,151.51542732320016,1.2417582417582418,1.5151542732320014,81.95589476901425
imm0p15_proc1p25_ellt1_ic50lt150,0.15,1.25,1.0,False,150.0,"imm>0.15, proc>1.25, EL<1%, IC50<150nM",578,156,40011,10987,0.01419859834349686,iedb_netmhcpan_ba_ic50,85.71428571428571,100.0,0.8571428571428571,1.0,85.71428571428572
imm0p15_proc1p25_ellt1_ic50lt500,0.15,1.25,1.0,False,500.0,"imm>0.15, proc>1.25, EL<1%, IC50<500nM",1022,228,63415,13665,0.01668496158068057,iedb_netmhcpan_ba_ic50,125.27472527472527,124.37426048966961,1.2527472527472527,1.2437426048966962,100.72399609172386
imm0p15_proc1p25_ellt1_ic50lt1000,0.15,1.25,1.0,False,1000.0,"imm>0.15, proc>1.25, EL<1%, IC50<1000nM",1473,272,80271,15163,0.017938402690760403,iedb_netmhcpan_ba_ic50,149.45054945054946,138.00855556566853,1.4945054945054945,1.3800855556566851,108.29078591394754
imm0p15_proc1p25_ellt2_ic50lt150,0.15,1.25,2.0,False,150.0,"imm>0.15, proc>1.25, EL<2%, IC50<150nM",584,156,41213,11208,0.013918629550321198,iedb_netmhcpan_ba_ic50,85.71428571428571,102.01146809866205,0.8571428571428571,1.0201146809866206,84.0241664117467
imm0p15_proc1p25_ellt2_ic50lt500,0.15,1.25,2.0,False,500.0,"imm>0.15, proc>1.25, EL<2%, IC50<500nM",1033,228,67760,14244,0.016006739679865205,iedb_netmhcpan_ba_ic50,125.27472527472527,129.6441248748521,1.2527472527472527,1.296441248748521,96.62969717729617
imm0p15_proc1p25_ellt2_ic50lt1000,0.15,1.25,2.0,False,1000.0,"imm>0.15, proc>1.25, EL<2%, IC50<1000nM",1492,273,89173,16107,0.01694915254237288,iedb_netmhcpan_ba_ic50,150.0,146.6005278966051,1.5,1.4660052789660507,102.31886757310485
imm0p15_proc1p25_ellt5_ic50lt150,0.15,1.25,5.0,False,150.0,"imm>0.15, proc>1.25, EL<5%, IC50<150nM",584,156,41543,11258,0.013856812933025405,iedb_netmhcpan_ba_ic50,85.71428571428571,102.46655137890234,0.8571428571428571,1.0246655137890235,83.65099104129128
imm0p15_proc1p25_ellt5_ic50lt500,0.15,1.25,5.0,False,500.0,"imm>0.15, proc>1.25, EL<5%, IC50<500nM",1033,228,69355,14474,0.01575238358435816,iedb_netmhcpan_ba_ic50,125.27472527472527,131.7375079639574,1.2527472527472527,1.317375079639574,95.09419694579292
imm0p15_proc1p25_ellt5_ic50lt1000,0.15,1.25,5.0,False,1000.0,"imm>0.15, proc>1.25, EL<5%, IC50<1000nM",1493,273,93069,16572,0.016473569876900795,iedb_netmhcpan_ba_ic50,150.0,150.83280240283972,1.5,1.5083280240283972,99.44786386676321
imm0p15_proc1p25_ellt10_ic50lt150,0.15,1.25,10.0,False,150.0,"imm>0.15, proc>1.25, EL<10%, IC50<150nM",584,156,41562,11261,0.013853121392416304,iedb_netmhcpan_ba_ic50,85.71428571428571,102.49385637571676,0.8571428571428571,1.0249385637571675,83.6287059002626
imm0p15_proc1p25_ellt10_ic50lt500,0.15,1.25,10.0,False,500.0,"imm>0.15, proc>1.25, EL<10%, IC50<500nM",1033,228,69526,14504,0.015719801434087147,iedb_netmhcpan_ba_ic50,125.27472527472527,132.01055793210156,1.2527472527472527,1.3201055793210157,94.89750459138213
imm0p15_proc1p25_ellt10_ic50lt1000,0.15,1.25,10.0,False,1000.0,"imm>0.15, proc>1.25, EL<10%, IC50<1000nM",1493,273,93547,16647,0.01639935123445666,iedb_netmhcpan_ba_ic50,150.0,151.51542732320016,1.5,1.5151542732320014,98.99981978734907
imm0p15_proc1p5_ellt1_ic50lt150,0.15,1.5,1.0,False,150.0,"imm>0.15, proc>1.5, EL<1%, IC50<150nM",465,127,40011,10987,0.011559115318103212,iedb_netmhcpan_ba_ic50,69.78021978021978,100.0,0.6978021978021978,1.0,69.78021978021978
imm0p15_proc1p5_ellt1_ic50lt500,0.15,1.5,1.0,False,500.0,"imm>0.15, proc>1.5, EL<1%, IC50<500nM",841,185,63415,13665,0.01353823637028906,iedb_netmhcpan_ba_ic50,101.64835164835165,124.37426048966961,1.0164835164835164,1.2437426048966962,81.7278038463549
imm0p15_proc1p5_ellt1_ic50lt1000,0.15,1.5,1.0,False,1000.0,"imm>0.15, proc>1.5, EL<1%, IC50<1000nM",1231,220,80271,15163,0.014509002176350327,iedb_netmhcpan_ba_ic50,120.87912087912088,138.00855556566853,1.2087912087912087,1.3800855556566851,87.58813566569289
imm0p15_proc1p5_ellt2_ic50lt150,0.15,1.5,2.0,False,150.0,"imm>0.15, proc>1.5, EL<2%, IC50<150nM",465,127,41213,11208,0.011331192005710207,iedb_netmhcpan_ba_ic50,69.78021978021978,102.01146809866205,0.6978021978021978,1.0201146809866206,68.40428932238353
imm0p15_proc1p5_ellt2_ic50lt500,0.15,1.5,2.0,False,500.0,"imm>0.15, proc>1.5, EL<2%, IC50<500nM",843,185,67760,14244,0.012987924740241505,iedb_netmhcpan_ba_ic50,101.64835164835165,129.6441248748521,1.0164835164835164,1.296441248748521,78.40567534122715
imm0p15_proc1p5_ellt2_ic50lt1000,0.15,1.5,2.0,False,1000.0,"imm>0.15, proc>1.5, EL<2%, IC50<1000nM",1239,221,89173,16107,0.013720742534301856,iedb_netmhcpan_ba_ic50,121.42857142857143,146.6005278966051,1.2142857142857142,1.4660052789660507,82.82955946394202
imm0p15_proc1p5_ellt5_ic50lt150,0.15,1.5,5.0,False,150.0,"imm>0.15, proc>1.5, EL<5%, IC50<150nM",465,127,41543,11258,0.011280866939065553,iedb_netmhcpan_ba_ic50,69.78021978021978,102.46655137890234,0.6978021978021978,1.0246655137890235,68.10048629643583
imm0p15_proc1p5_ellt5_ic50lt500,0.15,1.5,5.0,False,500.0,"imm>0.15, proc>1.5, EL<5%, IC50<500nM",843,185,69355,14474,0.01278153931186956,iedb_netmhcpan_ba_ic50,101.64835164835165,131.7375079639574,1.0164835164835164,1.317375079639574,77.1597650656653
imm0p15_proc1p5_ellt5_ic50lt1000,0.15,1.5,5.0,False,1000.0,"imm>0.15, proc>1.5, EL<5%, IC50<1000nM",1240,221,93069,16572,0.013335747043205406,iedb_netmhcpan_ba_ic50,121.42857142857143,150.83280240283972,1.2142857142857142,1.5083280240283972,80.50541360642737
imm0p15_proc1p5_ellt10_ic50lt150,0.15,1.5,10.0,False,150.0,"imm>0.15, proc>1.5, EL<10%, IC50<150nM",465,127,41562,11261,0.011277861646390197,iedb_netmhcpan_ba_ic50,69.78021978021978,102.49385637571676,0.6978021978021978,1.0249385637571675,68.08234390598302
imm0p15_proc1p5_ellt10_ic50lt500,0.15,1.5,10.0,False,500.0,"imm>0.15, proc>1.5, EL<10%, IC50<500nM",843,185,69526,14504,0.012755102040816327,iedb_netmhcpan_ba_ic50,101.64835164835165,132.01055793210156,1.0164835164835164,1.3201055793210157,77.0001681991478
imm0p15_proc1p5_ellt10_ic50lt1000,0.15,1.5,10.0,False,1000.0,"imm>0.15, proc>1.5, EL<10%, IC50<1000nM",1240,221,93547,16647,0.013275665285036342,iedb_netmhcpan_ba_ic50,121.42857142857143,151.51542732320016,1.2142857142857142,1.5151542732320014,80.14271125642544
imm0p15_proc1p75_ellt1_ic50lt150,0.15,1.75,1.0,False,150.0,"imm>0.15, proc>1.75, EL<1%, IC50<150nM",362,92,40011,10987,0.008373532356421225,iedb_netmhcpan_ba_ic50,50.54945054945055,100.0,0.5054945054945055,1.0,50.54945054945055
imm0p15_proc1p75_ellt1_ic50lt500,0.15,1.75,1.0,False,500.0,"imm>0.15, proc>1.75, EL<1%, IC50<500nM",633,130,63415,13665,0.00951335528723015,iedb_netmhcpan_ba_ic50,71.42857142857143,124.37426048966961,0.7142857142857143,1.2437426048966962,57.43034864878993
imm0p15_proc1p75_ellt1_ic50lt1000,0.15,1.75,1.0,False,1000.0,"imm>0.15, proc>1.75, EL<1%, IC50<1000nM",947,158,80271,15163,0.010420101563015234,iedb_netmhcpan_ba_ic50,86.81318681318682,138.00855556566853,0.8681318681318682,1.3800855556566851,62.90420652354307
imm0p15_proc1p75_ellt2_ic50lt150,0.15,1.75,2.0,False,150.0,"imm>0.15, proc>1.75, EL<2%, IC50<150nM",362,92,41213,11208,0.00820842255531763,iedb_netmhcpan_ba_ic50,50.54945054945055,102.01146809866205,0.5054945054945055,1.0201146809866206,49.55271352487627
imm0p15_proc1p75_ellt2_ic50lt500,0.15,1.75,2.0,False,500.0,"imm>0.15, proc>1.75, EL<2%, IC50<500nM",635,130,67760,14244,0.009126649817467004,iedb_netmhcpan_ba_ic50,71.42857142857143,129.6441248748521,0.7142857142857143,1.296441248748521,55.095879969510975
imm0p15_proc1p75_ellt2_ic50lt1000,0.15,1.75,2.0,False,1000.0,"imm>0.15, proc>1.75, EL<2%, IC50<1000nM",954,159,89173,16107,0.009871484447755634,iedb_netmhcpan_ba_ic50,87.36263736263736,146.6005278966051,0.8736263736263736,1.4660052789660507,59.5923074876325
imm0p15_proc1p75_ellt5_ic50lt150,0.15,1.75,5.0,False,150.0,"imm>0.15, proc>1.75, EL<5%, IC50<150nM",362,92,41543,11258,0.008171966601527803,iedb_netmhcpan_ba_ic50,50.54945054945055,102.46655137890234,0.5054945054945055,1.0246655137890235,49.332635742299985
imm0p15_proc1p75_ellt5_ic50lt500,0.15,1.75,5.0,False,500.0,"imm>0.15, proc>1.75, EL<5%, IC50<500nM",635,130,69355,14474,0.008981622219151582,iedb_netmhcpan_ba_ic50,71.42857142857143,131.7375079639574,0.7142857142857143,1.317375079639574,54.22037545154859
imm0p15_proc1p75_ellt5_ic50lt1000,0.15,1.75,5.0,False,1000.0,"imm>0.15, proc>1.75, EL<5%, IC50<1000nM",955,159,93069,16572,0.009594496741491673,iedb_netmhcpan_ba_ic50,87.36263736263736,150.83280240283972,0.8736263736263736,1.5083280240283972,57.920184449873084
imm0p15_proc1p75_ellt10_ic50lt150,0.15,1.75,10.0,False,150.0,"imm>0.15, proc>1.75, EL<10%, IC50<150nM",362,92,41562,11261,0.008169789539117308,iedb_netmhcpan_ba_ic50,50.54945054945055,102.49385637571676,0.5054945054945055,1.0249385637571675,49.319493223231795
imm0p15_proc1p75_ellt10_ic50lt500,0.15,1.75,10.0,False,500.0,"imm>0.15, proc>1.75, EL<10%, IC50<500nM",635,130,69526,14504,0.008963044677330391,iedb_netmhcpan_ba_ic50,71.42857142857143,132.01055793210156,0.7142857142857143,1.3201055793210157,54.10822630210386
imm0p15_proc1p75_ellt10_ic50lt1000,0.15,1.75,10.0,False,1000.0,"imm>0.15, proc>1.75, EL<10%, IC50<1000nM",955,159,93547,16647,0.009551270499189043,iedb_netmhcpan_ba_ic50,87.36263736263736,151.51542732320016,0.8736263736263736,1.5151542732320014,57.65923570032418
