analysis,dimension,threshold_value,scenario_label,sig_n_rows,sig_n_unique_peptides,coding_n_rows,coding_n_unique_peptides,ratio_sig_over_coding_unique,ratio_sig_over_coding_rows,ic50_source,sig_pct_of_baseline_pct,coding_pct_of_baseline_pct,sig_fold_vs_baseline,coding_fold_vs_baseline,ratio_pct_of_baseline_pct
baseline,all,,full_SB,4289,1280,5188,152,8.421052631578947,0.8267154973014649,iedb_netmhcpan_ba_ic50,100.0,100.0,1.0,1.0,100.0
leave_one_out,relax_immuno,,relax_immuno,4289,1280,5188,152,8.421052631578947,0.8267154973014649,iedb_netmhcpan_ba_ic50,100.0,100.0,1.0,1.0,100.0
leave_one_out,relax_processing,,relax_processing,4289,1280,5188,152,8.421052631578947,0.8267154973014649,iedb_netmhcpan_ba_ic50,100.0,100.0,1.0,1.0,100.0
leave_one_out,relax_EL,,relax_EL,4289,1280,5188,152,8.421052631578947,0.8267154973014649,iedb_netmhcpan_ba_ic50,100.0,100.0,1.0,1.0,100.0
leave_one_out,relax_IC50_binding,,relax_IC50_binding,473094,8704,473094,990,8.791919191919192,1.0,iedb_netmhcpan_ba_ic50,680.0,651.3157894736842,6.8,6.5131578947368425,104.4040404040404
sensitivity,immuno_min,0.0,imm>0.0,4289,1280,5188,152,8.421052631578947,0.8267154973014649,iedb_netmhcpan_ba_ic50,100.0,100.0,1.0,1.0,100.0
sensitivity,immuno_min,0.05,imm>0.05,4289,1280,5188,152,8.421052631578947,0.8267154973014649,iedb_netmhcpan_ba_ic50,100.0,100.0,1.0,1.0,100.0
sensitivity,immuno_min,0.1,imm>0.1,4289,1280,5188,152,8.421052631578947,0.8267154973014649,iedb_netmhcpan_ba_ic50,100.0,100.0,1.0,1.0,100.0
sensitivity,immuno_min,0.15,imm>0.15,4289,1280,5188,152,8.421052631578947,0.8267154973014649,iedb_netmhcpan_ba_ic50,100.0,100.0,1.0,1.0,100.0
sensitivity,immuno_min,0.2,imm>0.2,4289,1280,5188,152,8.421052631578947,0.8267154973014649,iedb_netmhcpan_ba_ic50,100.0,100.0,1.0,1.0,100.0
sensitivity,immuno_min,0.3,imm>0.3,4289,1280,5188,152,8.421052631578947,0.8267154973014649,iedb_netmhcpan_ba_ic50,100.0,100.0,1.0,1.0,100.0
sensitivity,processing_min,0.5,proc>0.5,4289,1280,5188,152,8.421052631578947,0.8267154973014649,iedb_netmhcpan_ba_ic50,100.0,100.0,1.0,1.0,100.0
sensitivity,processing_min,1.0,proc>1.0,4289,1280,5188,152,8.421052631578947,0.8267154973014649,iedb_netmhcpan_ba_ic50,100.0,100.0,1.0,1.0,100.0
sensitivity,processing_min,1.25,proc>1.25,4289,1280,5188,152,8.421052631578947,0.8267154973014649,iedb_netmhcpan_ba_ic50,100.0,100.0,1.0,1.0,100.0
sensitivity,processing_min,1.5,proc>1.5,4289,1280,5188,152,8.421052631578947,0.8267154973014649,iedb_netmhcpan_ba_ic50,100.0,100.0,1.0,1.0,100.0
sensitivity,processing_min,1.75,proc>1.75,4289,1280,5188,152,8.421052631578947,0.8267154973014649,iedb_netmhcpan_ba_ic50,100.0,100.0,1.0,1.0,100.0
sensitivity,processing_min,2.0,proc>2.0,4289,1280,5188,152,8.421052631578947,0.8267154973014649,iedb_netmhcpan_ba_ic50,100.0,100.0,1.0,1.0,100.0
sensitivity,processing_min,2.5,proc>2.5,4289,1280,5188,152,8.421052631578947,0.8267154973014649,iedb_netmhcpan_ba_ic50,100.0,100.0,1.0,1.0,100.0
sensitivity,el_rank_max_pct,1.0,EL<1.0,4289,1280,5188,152,8.421052631578947,0.8267154973014649,iedb_netmhcpan_ba_ic50,100.0,100.0,1.0,1.0,100.0
sensitivity,el_rank_max_pct,2.0,EL<2.0,4289,1280,5188,152,8.421052631578947,0.8267154973014649,iedb_netmhcpan_ba_ic50,100.0,100.0,1.0,1.0,100.0
sensitivity,el_rank_max_pct,3.0,EL<3.0,4289,1280,5188,152,8.421052631578947,0.8267154973014649,iedb_netmhcpan_ba_ic50,100.0,100.0,1.0,1.0,100.0
sensitivity,el_rank_max_pct,5.0,EL<5.0,4289,1280,5188,152,8.421052631578947,0.8267154973014649,iedb_netmhcpan_ba_ic50,100.0,100.0,1.0,1.0,100.0
sensitivity,el_rank_max_pct,10.0,EL<10.0,4289,1280,5188,152,8.421052631578947,0.8267154973014649,iedb_netmhcpan_ba_ic50,100.0,100.0,1.0,1.0,100.0
sensitivity,el_rank_max_pct,20.0,EL<20.0,4289,1280,5188,152,8.421052631578947,0.8267154973014649,iedb_netmhcpan_ba_ic50,100.0,100.0,1.0,1.0,100.0
sensitivity,ic50_max_nm,50.0,IC50<50nM,2049,737,2635,88,8.375,0.7776091081593928,iedb_netmhcpan_ba_ic50,57.578125,57.89473684210526,0.57578125,0.5789473684210527,99.453125
sensitivity,ic50_max_nm,100.0,IC50<100nM,3386,1080,4027,131,8.244274809160306,0.8408244350633226,iedb_netmhcpan_ba_ic50,84.375,86.1842105263158,0.84375,0.8618421052631579,97.90076335877865
sensitivity,ic50_max_nm,150.0,IC50<150nM,4289,1280,5188,152,8.421052631578947,0.8267154973014649,iedb_netmhcpan_ba_ic50,100.0,100.0,1.0,1.0,100.0
sensitivity,ic50_max_nm,250.0,IC50<250nM,5733,1573,6642,181,8.69060773480663,0.8631436314363143,iedb_netmhcpan_ba_ic50,122.890625,119.07894736842105,1.22890625,1.1907894736842106,103.20096685082873
sensitivity,ic50_max_nm,500.0,IC50<500nM,8350,2028,9164,230,8.817391304347826,0.9111741597555653,iedb_netmhcpan_ba_ic50,158.4375,151.31578947368422,1.584375,1.513157894736842,104.70652173913044
sensitivity,ic50_max_nm,1000.0,IC50<1000nM,11875,2526,12655,289,8.740484429065743,0.9383642828921375,iedb_netmhcpan_ba_ic50,197.34375,190.1315789473684,1.9734375,1.9013157894736843,103.7932525951557
sensitivity,ic50_max_nm,5000.0,IC50<5000nM,30261,4313,30518,473,9.118393234672304,0.9915787404154925,iedb_netmhcpan_ba_ic50,336.953125,311.1842105263158,3.36953125,3.111842105263158,108.28091966173362
