RiboID	smPEP_ID	GeneID	TranscriptID	GeneSymbol	GeneType	StartOnTrans	StopOnTrans	TISType	TISCounts	TISPvalue	RiboPvalue
SRR618770,618771,618772,618773_alt	151759	ENSG00000244300.3	ENST00000669945.1	GATA2-AS1	lncRNA	28	76	Novel	82	6.7421133941190344e-34	0.001417772915652
SRR618770,618771,618772,618773_alt	207912	ENSG00000215374.6	ENST00000663272.1	FAM66B	lncRNA	44	77	Novel	39	2.048720555584837e-30	0.0371245828698548
SRR618770,618771,618772,618773_alt	281042	ENSG00000251381.8	ENST00000653981.1	LINC00958	lncRNA	63	99	Novel	53	5.365314903200064e-30	0.0003000445612921
SRR618770,618771,618772,618773_alt	219017	ENSG00000213468.7	ENST00000649541.1	FIRRE	lncRNA	59	212	Novel	36	2.8411022899042683e-28	0.0096297569937332
SRR618770,618771,618772,618773_alt	189525	ENSG00000229807.12	ENST00000650637.1	XIST	lncRNA	115	166	Novel	43	1.0171503609872627e-24	3.8177466484589066e-05
SRR618770,618771,618772,618773_alt	152697	ENSG00000228065.11	ENST00000659814.1	LINC01515	lncRNA	117	171	Novel	34	5.9105114836612e-20	0.0007662784279835
SRR618770,618771,618772,618773_alt	171300	ENSG00000267260.2	ENST00000590750.1	AC020928.1	lncRNA	24	285	Novel	30	7.859137412264213e-18	1.5497483884400576e-13
SRR618770,618771,618772,618773_alt	171301	ENSG00000267260.2	ENST00000663625.1	AC020928.1	lncRNA	52	223	Novel	30	7.859137412264213e-18	2.275294500757693e-06
SRR618770,618771,618772,618773_alt	167028	ENSG00000213468.7	ENST00000649541.1	FIRRE	lncRNA	54	117	Novel	18	2.4307076226556983e-15	0.0105660425410163
SRR618770,618771,618772,618773_alt	315138	ENSG00000247134.7	ENST00000659524.1	AC090204.1	lncRNA	119	326	Novel	38	1.4532154013091609e-12	0.003188134571416
SRR618770,618771,618772,618773_alt	315139	ENSG00000247134.7	ENST00000666659.1	AC090204.1	lncRNA	64	295	Novel	38	1.4532154013091609e-12	0.0153673528975875
SRR618770,618771,618772,618773_alt	224934	ENSG00000229807.12	ENST00000429829.6	XIST	lncRNA	746	851	Novel	20	1.7084910293476376e-12	1.2216807014272074e-05
SRR618770,618771,618772,618773_alt	141985	ENSG00000261008.7	ENST00000664155.1	LINC01572	lncRNA	56	170	Novel	14	1.9768040032232774e-12	0.0219613115813487
SRR618770,618771,618772,618773_alt	141987	ENSG00000261008.7	ENST00000666555.1	LINC01572	lncRNA	40	154	Novel	14	1.9768040032232774e-12	0.0219613115813487
SRR618770,618771,618772,618773_alt	141986	ENSG00000261008.7	ENST00000624829.4	LINC01572	lncRNA	17	125	Novel	14	1.9768040032232774e-12	0.0387465517109426
SRR618770,618771,618772,618773_alt	145805	ENSG00000206195.11	ENST00000661115.1	DUXAP8	lncRNA	101	158	Novel	26	5.071621115752045e-12	0.0040121592495983
SRR618770,618771,618772,618773_alt	180446	ENSG00000228065.11	ENST00000663281.1	LINC01515	lncRNA	41	92	Novel	13	1.065878410000614e-11	0.0013371579524159
SRR618770,618771,618772,618773_alt	175303	ENSG00000186019.11	ENST00000592946.1	AC021092.1	lncRNA	40	211	Novel	13	1.065878410000614e-11	0.0014220912445751
SRR618770,618771,618772,618773_alt	268120	ENSG00000226419.8	ENST00000428411.6	SLC16A1-AS1	lncRNA	131	203	Novel	13	1.065878410000614e-11	0.0103286384976524
SRR618770,618771,618772,618773_alt	167368	ENSG00000225548.7	ENST00000414382.5	LINC01980	lncRNA	238	280	Novel	25	1.2623678784418691e-11	0.0005376738900806
SRR618770,618771,618772,618773_alt	132529	ENSG00000229807.12	ENST00000429829.6	XIST	lncRNA	285	474	Novel	17	7.014256757344211e-11	0.000382883546035
SRR618770,618771,618772,618773_alt	213019	ENSG00000241472.7	ENST00000665590.1	PTPRG-AS1	lncRNA	115	151	Novel	11	3.1488555976733535e-10	0.0084033613445377
GSE58207_alt	195650	ENSG00000189223.15	ENST00000617278.2	PAX8-AS1	lncRNA	25	268	Novel	82	5.52609324384641e-10	0.0297308480724438
SRR618770,618771,618772,618773_alt	215027	ENSG00000212978.6	ENST00000420918.3	AC016747.1	lncRNA	72	276	Novel	15	8.443612967342601e-10	5.047544128847284e-09
SRR618770,618771,618772,618773_alt	319898	ENSG00000251381.8	ENST00000653981.1	LINC00958	lncRNA	54	99	Novel	15	8.443612967342601e-10	1.6772107720502983e-05
SRR618770,618771,618772,618773_alt	169059	ENSG00000246582.3	ENST00000500853.1	AC100861.1	lncRNA	36	102	Novel	10	1.7286631905001771e-09	6.567761839666e-07
SRR618770,618771,618772,618773_alt	192830	ENSG00000226453.2	ENST00000668303.1	LINC02542	lncRNA	147	186	Novel	10	1.7286631905001771e-09	0.0312944523470839
GSE58207_alt	322062	ENSG00000232995.7	ENST00000439699.1	AL592435.1	lncRNA	108	240	Novel	75	2.276698040717275e-09	2.1153279039398425e-05
GSE58207_alt	322061	ENSG00000232995.7	ENST00000427213.5	AL592435.1	lncRNA	108	195	Novel	75	2.276698040717275e-09	0.0181266790829538
GSE58207_alt	178637	ENSG00000214049.8	ENST00000645389.2	UCA1	lncRNA	114	348	Novel	584	2.8027481091986143e-09	0.0121021602933644
SRR618770,618771,618772,618773_alt	322064	ENSG00000232995.7	ENST00000449680.5	AL592435.1	lncRNA	148	217	Novel	13	1.0288064482124093e-08	0.0338015803336244
SRR618770,618771,618772,618773_alt	189231	ENSG00000229807.12	ENST00000429829.6	XIST	lncRNA	734	851	Novel	12	3.611682019327775e-08	6.509302567496839e-07
SRR618770,618771,618772,618773_alt	190979	ENSG00000241472.7	ENST00000652936.1	PTPRG-AS1	lncRNA	114	174	Novel	8	5.3545116903345323e-08	0.0333138515488013
SRR618770,618771,618772,618773_alt	215030	ENSG00000212978.6	ENST00000417691.1	AC016747.1	lncRNA	74	299	Novel	15	1.2442245695378606e-07	0.0018684423521221
GSE58207_alt	172064	ENSG00000226419.8	ENST00000654334.1	SLC16A1-AS1	lncRNA	140	368	Novel	55	1.363491649008293e-07	7.697289189199119e-05
SRR618770,618771,618772,618773_alt	318113	ENSG00000247134.7	ENST00000666042.1	AC090204.1	lncRNA	142	229	Novel	20	2.210646192650107e-07	0.008051502280383
SRR618770,618771,618772,618773_alt	296632	ENSG00000244300.3	ENST00000464242.1	GATA2-AS1	lncRNA	168	234	Novel	19	4.33070887102119e-07	0.0281353880718958
GSE102786_alt	224746	ENSG00000240990.10	ENST00000522674.1	HOXA11-AS	lncRNA	71	233	Novel	6	6.093839113918826e-07	0.0123519144371454
GSE58207_alt	253238	ENSG00000224271.7	ENST00000652505.1	AL117329.1	lncRNA	226	361	Novel	46	8.886667894749115e-07	0.0001701162397425
GSE58207_alt	253237	ENSG00000224271.7	ENST00000670886.1	AL117329.1	lncRNA	137	275	Novel	46	8.886667894749115e-07	0.0001722682549111
GSE58207_alt	253236	ENSG00000224271.7	ENST00000651037.1	AL117329.1	lncRNA	182	329	Novel	46	8.886667894749115e-07	0.0001782875060602
GSE58207_alt	253231	ENSG00000224271.7	ENST00000652597.1	AL117329.1	lncRNA	227	377	Novel	46	8.886667894749115e-07	0.0001801600613928
GSE58207_alt	253230	ENSG00000224271.7	ENST00000650895.1	AL117329.1	lncRNA	221	374	Novel	46	8.886667894749115e-07	0.0001819710191324
GSE58207_alt	253233	ENSG00000224271.7	ENST00000650775.1	AL117329.1	lncRNA	137	293	Novel	46	8.886667894749115e-07	0.0001837232897719
GSE58207_alt	253229	ENSG00000224271.7	ENST00000650924.1	AL117329.1	lncRNA	213	375	Novel	46	8.886667894749115e-07	0.0001870625536075
GSE58207_alt	253235	ENSG00000224271.7	ENST00000665418.1	AL117329.1	lncRNA	424	622	Novel	46	8.886667894749115e-07	0.0002033736208735
GSE58207_alt	253232	ENSG00000224271.7	ENST00000651939.1	AL117329.1	lncRNA	196	454	Novel	46	8.886667894749115e-07	0.0002213859681658
GSE58207_alt	253234	ENSG00000224271.7	ENST00000651625.1	AL117329.1	lncRNA	142	403	Novel	46	8.886667894749115e-07	0.0002220884224958
SRR618770,618771,618772,618773_alt	141843	ENSG00000225783.8	ENST00000616213.4	MIAT	lncRNA	6246	6294	Novel	6	1.7503851788236822e-06	0.0066431606811173
SRR618770,618771,618772,618773_alt	298813	ENSG00000223652.2	ENST00000442777.2	AC106786.1	lncRNA	110	245	Novel	6	1.7503851788236822e-06	0.0324286965677146
SRR618770,618771,618772,618773_alt	161510	ENSG00000240990.10	ENST00000522863.2	HOXA11-AS	lncRNA	1107	1293	Novel	6	1.7503851788236822e-06	0.0358401880141013
GSE58207_alt	136979	ENSG00000256546.2	ENST00000423999.2	AC156455.1	lncRNA	45	81	Novel	42	2.063903204755703e-06	1.9708747707177303e-05
GSE58207_alt	206709	ENSG00000246582.3	ENST00000500853.1	AC100861.1	lncRNA	156	207	Novel	41	2.5506822274233733e-06	0.037082066869299
GSE58207_alt	114222	ENSG00000249550.7	ENST00000659032.1	LINC01234	lncRNA	106	334	Novel	40	3.153790546319455e-06	0.001194969657468
GSE102786_alt	295842	ENSG00000212978.6	ENST00000420918.3	AC016747.1	lncRNA	30	276	Novel	3	5.681182473337634e-06	0.0001497481976853
SRR618770,618771,618772,618773_alt	249074	ENSG00000229807.12	ENST00000429829.6	XIST	lncRNA	566	851	Novel	8	5.803718843810534e-06	2.275853911905772e-05
SRR618770,618771,618772,618773_alt	379518	ENSG00000229807.12	ENST00000429829.6	XIST	lncRNA	264	474	Novel	8	5.803718843810534e-06	0.0003264196176528
SRR618770,618771,618772,618773_alt	383213	ENSG00000267827.5	ENST00000594362.1	AC011468.2	lncRNA	116	170	Novel	8	5.803718843810534e-06	0.0328979196903722
SRR618770,618771,618772,618773_alt	215028	ENSG00000212978.6	ENST00000443946.1	AC016747.1	lncRNA	91	304	Novel	15	6.498085976212398e-06	0.0018132632291375
GSE58207_alt	318114	ENSG00000247134.7	ENST00000659524.1	AC090204.1	lncRNA	150	201	Novel	35	9.188252268573168e-06	0.0370820668693012
SRR618770,618771,618772,618773_alt	287188	ENSG00000186019.11	ENST00000661725.1	AC021092.1	lncRNA	27	249	Novel	5	1.03311594364984e-05	0.001281397675763
SRR618770,618771,618772,618773_alt	221465	ENSG00000230798.5	ENST00000426393.5	FOXD3-AS1	lncRNA	134	311	Novel	5	1.03311594364984e-05	0.0137070394766316
SRR618770,618771,618772,618773_alt	150462	ENSG00000237357.2	ENST00000435586.1	BX088651.4	lncRNA	200	503	Novel	5	1.03311594364984e-05	0.0415950379479567
SRR618770,618771,618772,618773_alt	318115	ENSG00000247134.7	ENST00000664284.1	AC090204.1	lncRNA	119	158	Novel	20	1.2714974384831591e-05	0.0314837582614901
SRR618770,618771,618772,618773_alt	208292	ENSG00000261373.1	ENST00000562866.1	VPS9D1-AS1	lncRNA	26	281	Novel	14	1.2863843328236571e-05	0.0027434946253149
SRR964946_alt	264830	ENSG00000228223.3	ENST00000411553.3	HCG11	lncRNA	135	234	Novel	7	1.3725671734655228e-05	0.046300534967917
GSE58207_alt	320198	ENSG00000281091.3	ENST00000629535.3	AL117327.1	lncRNA	15	96	Novel	33	1.4153768944326366e-05	0.0035530478685421
SRR618770,618771,618772,618773_alt	164924	ENSG00000236682.2	ENST00000654207.1	MAP3K2-DT	lncRNA	243	429	Novel	7	2.11008719433973e-05	9.566186659255338e-05
SRR618770,618771,618772,618773_alt	145943	ENSG00000232995.7	ENST00000439699.1	AL592435.1	lncRNA	150	240	Novel	7	2.11008719433973e-05	0.0006979004216134
SRR618770,618771,618772,618773_alt	150511	ENSG00000231789.2	ENST00000415330.2	PIK3CD-AS2	lncRNA	132	288	Novel	7	2.11008719433973e-05	0.0016168463532974
GSE114636_1_alt	207453	ENSG00000282304.1	ENST00000562613.2	AC140479.5	lncRNA	318	552	Novel	10	2.5277801388375096e-05	0.0119488292922775
GSE58207_alt	122526	ENSG00000231789.2	ENST00000415330.2	PIK3CD-AS2	lncRNA	36	78	Novel	29	3.3891199637605395e-05	0.0155327342747111
GSE58207_alt	224710	ENSG00000249859.11	ENST00000654105.1	PVT1	lncRNA	2	62	Novel	28	4.225061475772599e-05	0.0216212959726072
GSE58207_alt	142876	ENSG00000251562.8	ENST00000610481.1	MALAT1	lncRNA	284	353	Novel	152	5.043569059474125e-05	0.0025183872971308
SRR618770,618771,618772,618773_alt	262313	ENSG00000206195.11	ENST00000661156.1	DUXAP8	lncRNA	957	1116	Novel	4	6.304389240345999e-05	3.325561333297188e-05
SRR618770,618771,618772,618773_alt	176963	ENSG00000185904.12	ENST00000424751.3	LINC00839	lncRNA	11	257	Novel	4	6.304389240345999e-05	6.147893407425155e-05
SRR618770,618771,618772,618773_alt	255872	ENSG00000226419.8	ENST00000428411.6	SLC16A1-AS1	lncRNA	68	203	Novel	4	6.304389240345999e-05	0.0024378412315484
SRR618770,618771,618772,618773_alt	146085	ENSG00000245648.2	ENST00000666750.1	AC022075.1	lncRNA	130	433	Novel	4	6.304389240345999e-05	0.0026159274749227
SRR618770,618771,618772,618773_alt	146086	ENSG00000245648.2	ENST00000665123.1	AC022075.1	lncRNA	131	365	Novel	4	6.304389240345999e-05	0.0029285179538199
SRR618770,618771,618772,618773_alt	233694	ENSG00000245648.2	ENST00000665123.1	AC022075.1	lncRNA	83	365	Novel	4	6.304389240345999e-05	0.0034646993299204
SRR618770,618771,618772,618773_alt	148125	ENSG00000229970.3	ENST00000424460.1	AC007128.1	lncRNA	188	287	Novel	4	6.304389240345999e-05	0.0126378208548984
SRR618770,618771,618772,618773_alt	104714	ENSG00000281091.3	ENST00000629535.3	AL117327.1	lncRNA	30	96	Novel	4	6.304389240345999e-05	0.0135739128666151
SRR618770,618771,618772,618773_alt	142238	ENSG00000246582.3	ENST00000500853.1	AC100861.1	lncRNA	168	207	Novel	4	6.304389240345999e-05	0.021608074239653
SRR618770,618771,618772,618773_alt	264661	ENSG00000213468.7	ENST00000649541.1	FIRRE	lncRNA	15	117	Novel	4	6.304389240345999e-05	0.0250648820767166
SRR618770,618771,618772,618773_alt	272616	ENSG00000248890.2	ENST00000503066.1	HHIP-AS1	lncRNA	164	239	Novel	4	6.304389240345999e-05	0.0340614587189944
SRR618770,618771,618772,618773_alt	155587	ENSG00000228065.11	ENST00000663281.1	LINC01515	lncRNA	351	432	Novel	4	6.304389240345999e-05	0.0342827004219387
SRR618770,618771,618772,618773_alt	223896	ENSG00000244649.5	ENST00000575202.3	LINC02086	lncRNA	85	175	Novel	4	6.304389240345999e-05	0.0345590738849173
SRR618770,618771,618772,618773_alt	272617	ENSG00000248890.2	ENST00000508269.1	HHIP-AS1	lncRNA	239	317	Novel	4	6.304389240345999e-05	0.0366891010493083
SRR618770,618771,618772,618773_alt	47127	ENSG00000253187.2	ENST00000519935.1	HOXA10-AS	lncRNA	155	275	Novel	6	7.773462448315636e-05	0.0488471211649303
SRR964946_alt	267540	ENSG00000246582.3	ENST00000500853.1	AC100861.1	lncRNA	42	102	Novel	5	8.768221037892539e-05	0.006967900597357
SRR964946_alt	1016	ENSG00000251381.8	ENST00000653981.1	LINC00958	lncRNA	57	99	Novel	5	8.768221037892539e-05	0.0110299343220328
SRR964946_alt	71292	ENSG00000185904.12	ENST00000659650.1	LINC00839	lncRNA	375	660	Novel	5	8.768221037892539e-05	0.0142276728751035
SRR964946_alt	311295	ENSG00000244300.3	ENST00000468377.1	GATA2-AS1	lncRNA	163	280	Novel	18	0.0001000163423029	0.041027715214039
SRR964946_alt	311294	ENSG00000244300.3	ENST00000464242.1	GATA2-AS1	lncRNA	183	234	Novel	18	0.0001000163423029	0.0441095366030572
SRR964946_alt	372638	ENSG00000229807.12	ENST00000429829.6	XIST	lncRNA	698	851	Novel	11	0.0001105498992399	4.293610669784478e-06
GSE58207_alt	200498	ENSG00000257660.5	ENST00000547774.5	AC117498.2	lncRNA	121	157	Novel	23	0.0001293078460777	0.0308123249299724
GSE58207_alt	147766	ENSG00000227036.8	ENST00000649833.1	LINC00511	lncRNA	30	243	Novel	23	0.0001293078460777	0.0438463384202124
GSE58207_alt	99476	ENSG00000236081.1	ENST00000453348.1	ELFN1-AS1	lncRNA	48	243	Novel	51	0.0001390672468464	0.0065651670431645
GSE58207_alt	257416	ENSG00000227036.8	ENST00000648623.2	LINC00511	lncRNA	160	283	Novel	22	0.0001623521911164	0.0187805506742419
SRR964946_alt	202283	ENSG00000237978.6	ENST00000451742.5	KCNMB2-AS1	lncRNA	58	175	Novel	4	0.000232159603549	0.011094452773613
SRR964946_alt	161951	ENSG00000267260.2	ENST00000665759.1	AC020928.1	lncRNA	122	326	Novel	4	0.000232159603549	0.0184290919232032
SRR964946_alt	270338	ENSG00000268388.6	ENST00000597578.1	FENDRR	lncRNA	99	225	Novel	4	0.000232159603549	0.0352688172043042
SRR964946_alt	270337	ENSG00000268388.6	ENST00000593604.2	FENDRR	lncRNA	100	232	Novel	4	0.000232159603549	0.0353493834409802
SRR964946_alt	270335	ENSG00000268388.6	ENST00000595886.1	FENDRR	lncRNA	83	278	Novel	4	0.000232159603549	0.0358955184017931
SRR964946_alt	270334	ENSG00000268388.6	ENST00000669311.1	FENDRR	lncRNA	106	379	Novel	4	0.000232159603549	0.0362220533970001
SRR964946_alt	270336	ENSG00000268388.6	ENST00000659486.1	FENDRR	lncRNA	82	358	Novel	4	0.000232159603549	0.0362309223623138
SRR618770,618771,618772,618773_alt	145942	ENSG00000232995.7	ENST00000526176.1	AL592435.1	lncRNA	528	573	Novel	7	0.000243153513609	0.0120105552009896
GSE102786_alt	295843	ENSG00000212978.6	ENST00000443946.1	AC016747.1	lncRNA	49	304	Novel	3	0.0002445978864648	0.0429995433286662
GSE58207_alt	273307	ENSG00000272763.1	ENST00000608940.1	AC103702.2	lncRNA	293	434	Novel	46	0.0002537813882448	0.045072366086859
GSE58207_alt	151225	ENSG00000255248.9	ENST00000660603.1	MIR100HG	lncRNA	81	117	Novel	20	0.0002571519337696	0.0018128409039833
GSE58207_alt	312181	ENSG00000229953.1	ENST00000448869.1	AL590666.2	lncRNA	32	206	Novel	76	0.0002740306696598	2.1336056876368217e-07
SRR618770,618771,618772,618773_alt	129058	ENSG00000229807.12	ENST00000429829.6	XIST	lncRNA	632	851	Novel	5	0.0002914921167059	2.2153142656575684e-06
GSE58207_alt	349448	ENSG00000281091.3	ENST00000629535.3	AL117327.1	lncRNA	42	96	Novel	19	0.0003245015802237	0.0328979196903716
SRR618770,618771,618772,618773_alt	300397	ENSG00000229847.9	ENST00000440007.6	EMX2OS	lncRNA	465	696	Novel	3	0.000405254303555	3.837542174657261e-05
SRR618770,618771,618772,618773_alt	233732	ENSG00000206195.11	ENST00000661156.1	DUXAP8	lncRNA	960	1116	Novel	3	0.000405254303555	8.855516490508227e-05
SRR618770,618771,618772,618773_alt	283401	ENSG00000228065.11	ENST00000663281.1	LINC01515	lncRNA	5	92	Novel	3	0.000405254303555	0.0006417697852166
SRR618770,618771,618772,618773_alt	196253	ENSG00000255468.7	ENST00000531602.1	AP001107.9	lncRNA	9	111	Novel	3	0.000405254303555	0.0007249849134595
SRR618770,618771,618772,618773_alt	300398	ENSG00000229847.9	ENST00000656309.1	EMX2OS	lncRNA	141	264	Novel	3	0.000405254303555	0.0009040313233741
SRR618770,618771,618772,618773_alt	171372	ENSG00000233237.8	ENST00000651660.1	LINC00472	lncRNA	0	177	Novel	3	0.000405254303555	0.00183982666867
SRR618770,618771,618772,618773_alt	217618	ENSG00000234456.8	ENST00000446159.5	MAGI2-AS3	lncRNA	105	147	Novel	3	0.000405254303555	0.0023534445870774
SRR618770,618771,618772,618773_alt	145030	ENSG00000269834.6	ENST00000601562.5	ZNF528-AS1	lncRNA	147	204	Novel	3	0.000405254303555	0.0027770971167198
SRR618770,618771,618772,618773_alt	192600	ENSG00000249572.1	ENST00000507251.1	AC034231.1	lncRNA	142	202	Novel	3	0.000405254303555	0.0110970268772723
SRR618770,618771,618772,618773_alt	154721	ENSG00000233593.10	ENST00000670028.1	LINC02609	lncRNA	142	217	Novel	3	0.000405254303555	0.0118735366661282
SRR618770,618771,618772,618773_alt	377972	ENSG00000239322.1	ENST00000422761.1	ATP6V1B1-AS1	lncRNA	155	257	Novel	3	0.000405254303555	0.0336301385240572
SRR618770,618771,618772,618773_alt	139844	ENSG00000177822.8	ENST00000511052.1	TENM3-AS1	lncRNA	138	279	Novel	3	0.000405254303555	0.0345758846520246
SRR618770,618771,618772,618773_alt	129169	ENSG00000226419.8	ENST00000428411.6	SLC16A1-AS1	lncRNA	110	203	Novel	3	0.000405254303555	0.0346503359340523
SRR618770,618771,618772,618773_alt	139843	ENSG00000177822.8	ENST00000508968.1	TENM3-AS1	lncRNA	484	586	Novel	3	0.000405254303555	0.0348514851485141
SRR618770,618771,618772,618773_alt	169423	ENSG00000249413.2	ENST00000508572.1	AC116049.2	lncRNA	208	352	Novel	3	0.000405254303555	0.0354903312649793
SRR618770,618771,618772,618773_alt	168512	ENSG00000225548.7	ENST00000670767.1	LINC01980	lncRNA	1090	1156	Novel	3	0.000405254303555	0.044038732728582
GSE58207_alt	170029	ENSG00000262003.1	ENST00000576252.1	AC087392.1	lncRNA	237	357	Novel	18	0.0004103174148943	0.018287595722959
GSE58207_alt	136978	ENSG00000256546.2	ENST00000540968.1	AC156455.1	lncRNA	446	509	Novel	42	0.0004129889764234	0.0176856690818519
GSE102786_alt	215186	ENSG00000253187.2	ENST00000519935.1	HOXA10-AS	lncRNA	581	875	Novel	2	0.0004558478560487	0.0168575901995593
GSE114636_1_alt	207454	ENSG00000282304.1	ENST00000566951.5	AC140479.5	lncRNA	277	532	Novel	10	0.0004829231391777	0.012239772481599
GSE58207_alt	172900	ENSG00000227403.2	ENST00000439050.1	LINC01806	lncRNA	105	240	Novel	17	0.0005199852136535	0.0224550209978618
SRR964946_alt	312870	ENSG00000269793.7	ENST00000650950.1	ZIM2-AS1	lncRNA	136	187	Novel	3	0.0006486309312206	0.0483250370761925
SRR618770,618771,618772,618773_alt	177783	ENSG00000206195.11	ENST00000413768.5	DUXAP8	lncRNA	447	501	Novel	6	0.0006494948804146	0.0015620623478477
GSE58207_alt	205913	ENSG00000255248.9	ENST00000664908.1	MIR100HG	lncRNA	116	167	Novel	16	0.0006605981967844	1.5974110902599316e-05
GSE58207_alt	217960	ENSG00000227036.8	ENST00000577773.2	LINC00511	lncRNA	177	306	Novel	16	0.0006605981967844	0.0010717763102192
GSE58207_alt	217963	ENSG00000227036.8	ENST00000649433.1	LINC00511	lncRNA	203	338	Novel	16	0.0006605981967844	0.0010842963536306
GSE58207_alt	217962	ENSG00000227036.8	ENST00000650371.1	LINC00511	lncRNA	142	283	Novel	16	0.0006605981967844	0.002496573263617
GSE58207_alt	217961	ENSG00000227036.8	ENST00000578206.2	LINC00511	lncRNA	121	346	Novel	16	0.0006605981967844	0.0119447214079346
GSE58207_alt	255711	ENSG00000247134.7	ENST00000659524.1	AC090204.1	lncRNA	98	326	Novel	16	0.0006605981967844	0.026704543336747
GSE58207_alt	255709	ENSG00000247134.7	ENST00000666042.1	AC090204.1	lncRNA	90	309	Novel	16	0.0006605981967844	0.0458007098870093
GSE58207_alt	142877	ENSG00000251562.8	ENST00000534336.1	MALAT1	lncRNA	2883	3006	Novel	152	0.0009099789875883	0.0035845681005332
GSE81802_alt	303663	ENSG00000243479.3	ENST00000480284.1	MNX1-AS1	lncRNA	90	321	Novel	9	0.0009588887172178	0.0360736662236575
GSE58207_alt	169544	ENSG00000203711.14	ENST00000655791.1	C6orf99	lncRNA	386	575	Novel	14	0.0010754456280156	0.0194458880316168
GSE58207_alt	169545	ENSG00000203711.14	ENST00000367073.6	C6orf99	lncRNA	295	466	Novel	14	0.0010754456280156	0.0271680794345869
GSE58207_alt	169546	ENSG00000203711.14	ENST00000653976.1	C6orf99	lncRNA	399	471	Novel	14	0.0010754456280156	0.0339369550637161
SRR618770,618771,618772,618773_alt	249876	ENSG00000229807.12	ENST00000429829.6	XIST	lncRNA	701	851	Novel	4	0.0011209220564501	2.799446936546856e-06
SRR618770,618771,618772,618773_alt	281186	ENSG00000228065.11	ENST00000601888.4	LINC01515	lncRNA	106	187	Novel	4	0.0011209220564501	3.52124094672828e-06
SRR618770,618771,618772,618773_alt	155586	ENSG00000228065.11	ENST00000601979.5	LINC01515	lncRNA	266	311	Novel	4	0.0011209220564501	0.0320648343904144
GSE58207_alt	55319	ENSG00000246582.3	ENST00000500853.1	AC100861.1	lncRNA	21	102	Novel	13	0.001379201509802	1.7964904387653914e-05
GSE58207_alt	322998	ENSG00000246582.3	ENST00000500853.1	AC100861.1	lncRNA	115	172	Novel	13	0.001379201509802	0.042959556167104
GSE58207_alt	349630	ENSG00000224271.7	ENST00000652080.1	AL117329.1	lncRNA	115	334	Novel	12	0.0017759391738455	0.0004093107914816
GSE58207_alt	349627	ENSG00000224271.7	ENST00000650924.1	AL117329.1	lncRNA	150	375	Novel	12	0.0017759391738455	0.0004117855652443
GSE58207_alt	349631	ENSG00000224271.7	ENST00000665418.1	AL117329.1	lncRNA	361	622	Novel	12	0.0017759391738455	0.000424365591565
GSE58207_alt	349634	ENSG00000224271.7	ENST00000652505.1	AL117329.1	lncRNA	163	361	Novel	12	0.0017759391738455	0.0011654040824351
GSE58207_alt	349633	ENSG00000224271.7	ENST00000426452.2	AL117329.1	lncRNA	610	811	Novel	12	0.0017759391738455	0.0011732430648529
GSE58207_alt	349632	ENSG00000224271.7	ENST00000651037.1	AL117329.1	lncRNA	119	329	Novel	12	0.0017759391738455	0.0011955783405538
GSE58207_alt	349629	ENSG00000224271.7	ENST00000652597.1	AL117329.1	lncRNA	164	377	Novel	12	0.0017759391738455	0.0012026535468612
GSE58207_alt	349628	ENSG00000224271.7	ENST00000650895.1	AL117329.1	lncRNA	158	374	Novel	12	0.0017759391738455	0.001209554964875
GSE58207_alt	200729	ENSG00000234753.5	ENST00000414386.5	FOXP4-AS1	lncRNA	41	80	Novel	12	0.0017759391738455	0.0019157527646491
GSE58207_alt	260997	ENSG00000239322.1	ENST00000447639.1	ATP6V1B1-AS1	lncRNA	2	158	Novel	12	0.0017759391738455	0.0034525536228954
GSE58207_alt	141607	ENSG00000240476.1	ENST00000473756.1	LINC00973	lncRNA	112	250	Novel	12	0.0017759391738455	0.0041349993724613
GSE58207_alt	339931	ENSG00000232445.2	ENST00000663483.1	AC006329.1	lncRNA	610	712	Novel	12	0.0017759391738455	0.0136195989750531
GSE58207_alt	229274	ENSG00000249550.7	ENST00000654810.1	LINC01234	lncRNA	102	135	Novel	12	0.0017759391738455	0.046425634370573
GSE119615_1_alt	315137	ENSG00000247134.7	ENST00000657565.1	AC090204.1	lncRNA	55	241	Novel	9	0.001864060620987	0.0115550332941646
GSE119615_1_alt	315135	ENSG00000247134.7	ENST00000666042.1	AC090204.1	lncRNA	111	309	Novel	9	0.001864060620987	0.0116026105873844
SRR964946_alt	373729	ENSG00000234546.4	ENST00000657715.1	LNCTAM34A	lncRNA	140	284	Novel	2	0.0019963902886159	0.0088572791225294
SRR964946_alt	306154	ENSG00000229847.9	ENST00000440007.6	EMX2OS	lncRNA	384	423	Novel	2	0.0019963902886159	0.0280656596446068
SRR964946_alt	297907	ENSG00000269834.6	ENST00000601562.5	ZNF528-AS1	lncRNA	46	79	Novel	2	0.0019963902886159	0.0302419354838702
SRR964946_alt	297128	ENSG00000240498.9	ENST00000428597.6	CDKN2B-AS1	lncRNA	102	216	Novel	2	0.0019963902886159	0.0350821744627038
SRR964946_alt	180339	ENSG00000245648.2	ENST00000500682.1	AC022075.1	lncRNA	214	349	Novel	2	0.0019963902886159	0.0353869748999399
SRR964946_alt	180340	ENSG00000245648.2	ENST00000665123.1	AC022075.1	lncRNA	276	417	Novel	2	0.0019963902886159	0.035457348406986
SRR964946_alt	10905	ENSG00000231107.2	ENST00000659218.1	LINC01508	lncRNA	231	321	Novel	2	0.0019963902886159	0.0371935124621158
GSE58207_alt	346862	ENSG00000249859.11	ENST00000665856.1	PVT1	lncRNA	126	282	Novel	50	0.0020007549818687	0.0012717177907791
GSE58207_alt	346863	ENSG00000249859.11	ENST00000662410.1	PVT1	lncRNA	104	185	Novel	50	0.0020007549818687	0.0042331010661294
GSE58207_alt	346864	ENSG00000249859.11	ENST00000657449.1	PVT1	lncRNA	89	203	Novel	50	0.0020007549818687	0.0148079356419168
GSE102786_alt	107680	ENSG00000245648.2	ENST00000665123.1	AC022075.1	lncRNA	227	365	Novel	1	0.0020277979918272	0.0007682033368529
GSE102786_alt	107679	ENSG00000245648.2	ENST00000500682.1	AC022075.1	lncRNA	165	372	Novel	1	0.0020277979918272	0.0009324020713742
GSE102786_alt	338474	ENSG00000249641.2	ENST00000512916.2	HOXC13-AS	lncRNA	89	350	Novel	1	0.0020277979918272	0.0430518675290046
GSE102786_alt	202927	ENSG00000229807.12	ENST00000429829.6	XIST	lncRNA	2070	2295	Novel	2	0.0020731981420852	0.030524715287706
GSE102786_alt	312335	ENSG00000272763.1	ENST00000433510.2	AC103702.2	lncRNA	716	917	Novel	2	0.0020731981420852	0.0496877216235281
GSE58207_alt	99322	ENSG00000250748.6	ENST00000544557.1	AC025419.1	lncRNA	16	55	Novel	11	0.0022975696954624	0.0399189547796357
GSE58207_alt	273306	ENSG00000272763.1	ENST00000425510.1	AC103702.2	lncRNA	244	379	Novel	46	0.0027487815172636	0.0442015912942756
SRR618770,618771,618772,618773_alt	328337	ENSG00000268119.6	ENST00000594557.1	AC010615.2	lncRNA	48	111	Novel	2	0.0028591396444013	6.94633128711919e-05
SRR618770,618771,618772,618773_alt	250227	ENSG00000206195.11	ENST00000661156.1	DUXAP8	lncRNA	1047	1116	Novel	2	0.0028591396444013	0.0001979216020948
SRR618770,618771,618772,618773_alt	234310	ENSG00000268119.6	ENST00000594557.1	AC010615.2	lncRNA	51	111	Novel	2	0.0028591396444013	0.0002653265337561
SRR618770,618771,618772,618773_alt	162352	ENSG00000249859.11	ENST00000669416.1	PVT1	lncRNA	1008	1140	Novel	2	0.0028591396444013	0.0005743831547034
SRR618770,618771,618772,618773_alt	305428	ENSG00000185904.12	ENST00000424751.3	LINC00839	lncRNA	56	257	Novel	2	0.0028591396444013	0.000878846373112
SRR618770,618771,618772,618773_alt	8715	ENSG00000281091.3	ENST00000629535.3	AL117327.1	lncRNA	18	96	Novel	2	0.0028591396444013	0.0009016210058078
SRR618770,618771,618772,618773_alt	63002	ENSG00000240498.9	ENST00000645313.2	CDKN2B-AS1	lncRNA	136	184	Novel	2	0.0028591396444013	0.0026413479718988
SRR618770,618771,618772,618773_alt	262311	ENSG00000245648.2	ENST00000665123.1	AC022075.1	lncRNA	80	365	Novel	2	0.0028591396444013	0.0027173268678639
SRR618770,618771,618772,618773_alt	180552	ENSG00000228340.6	ENST00000663582.1	MIR646HG	lncRNA	160	205	Novel	2	0.0028591396444013	0.0098317262242385
SRR618770,618771,618772,618773_alt	156236	ENSG00000249859.11	ENST00000656396.1	PVT1	lncRNA	24	102	Novel	2	0.0028591396444013	0.0104807473228525
SRR618770,618771,618772,618773_alt	151315	ENSG00000281091.3	ENST00000629535.3	AL117327.1	lncRNA	210	366	Novel	2	0.0028591396444013	0.0159691124671691
SRR618770,618771,618772,618773_alt	368027	ENSG00000241472.7	ENST00000474795.5	PTPRG-AS1	lncRNA	101	179	Novel	2	0.0028591396444013	0.0189744332132916
SRR618770,618771,618772,618773_alt	156239	ENSG00000249859.11	ENST00000659912.1	PVT1	lncRNA	171	213	Novel	2	0.0028591396444013	0.0317073170731709
SRR618770,618771,618772,618773_alt	196682	ENSG00000229807.12	ENST00000648970.1	XIST	lncRNA	220	274	Novel	2	0.0028591396444013	0.0328979196903722
SRR618770,618771,618772,618773_alt	224708	ENSG00000249859.11	ENST00000663753.1	PVT1	lncRNA	126	180	Novel	2	0.0028591396444013	0.0328979196903722
SRR618770,618771,618772,618773_alt	301308	ENSG00000234546.4	ENST00000657715.1	LNCTAM34A	lncRNA	155	284	Novel	2	0.0028591396444013	0.0329773680749681
SRR618770,618771,618772,618773_alt	355370	ENSG00000250159.7	ENST00000670115.1	AC106791.1	lncRNA	108	168	Novel	2	0.0028591396444013	0.0337296188955253
SRR618770,618771,618772,618773_alt	224711	ENSG00000249859.11	ENST00000657449.1	PVT1	lncRNA	110	203	Novel	2	0.0028591396444013	0.0346392737697073
SRR618770,618771,618772,618773_alt	313570	ENSG00000230798.5	ENST00000418244.5	FOXD3-AS1	lncRNA	25	127	Novel	2	0.0028591396444013	0.0348514851485141
SRR618770,618771,618772,618773_alt	176468	ENSG00000248587.8	ENST00000637926.1	GDNF-AS1	lncRNA	53	179	Novel	2	0.0028591396444013	0.0352688172043042
SRR618770,618771,618772,618773_alt	208838	ENSG00000237523.2	ENST00000422847.1	LINC00857	lncRNA	148	217	Novel	2	0.0028591396444013	0.0352739976587632
GSE58207_alt	343219	ENSG00000281091.3	ENST00000629535.3	AL117327.1	lncRNA	138	366	Novel	10	0.0029888465144757	0.0125565986430033
SRR964946_alt	84437	ENSG00000212978.6	ENST00000420918.3	AC016747.1	lncRNA	102	276	Novel	4	0.0035789879000996	0.0009738908508219
SRR964946_alt	230056	ENSG00000229807.12	ENST00000429829.6	XIST	lncRNA	369	474	Novel	4	0.0035789879000996	0.0051667678300372
GSE58207_alt	181418	ENSG00000249550.7	ENST00000547963.1	LINC01234	lncRNA	174	309	Novel	9	0.003913741415452	0.0326851788314568
GSE119615_2_alt	204889	ENSG00000237125.10	ENST00000647267.1	HAND2-AS1	lncRNA	405	525	Novel	4	0.004273123040455	0.0007663193636594
GSE102786_alt	202926	ENSG00000229807.12	ENST00000648970.1	XIST	lncRNA	1062	1260	Novel	2	0.0044741902286792	0.0418457122813058
GSE102786_alt	197061	ENSG00000267260.2	ENST00000590750.1	AC020928.1	lncRNA	669	828	Novel	2	0.0044741902286792	0.04266657650465
SRR618770,618771,618772,618773_alt	389116	ENSG00000229807.12	ENST00000429829.6	XIST	lncRNA	749	851	Novel	3	0.004480645522133	2.557081587694704e-05
SRR618770,618771,618772,618773_alt	320133	ENSG00000240498.9	ENST00000651588.1	CDKN2B-AS1	lncRNA	651	900	Novel	3	0.004480645522133	0.000456216435069
SRR618770,618771,618772,618773_alt	329616	ENSG00000267827.5	ENST00000594362.1	AC011468.2	lncRNA	110	170	Novel	3	0.004480645522133	0.0099357101110459
SRR618770,618771,618772,618773_alt	283402	ENSG00000228065.11	ENST00000601888.4	LINC01515	lncRNA	5	62	Novel	3	0.004480645522133	0.0129241827355033
SRR618770,618771,618772,618773_alt	29158	ENSG00000240498.9	ENST00000651588.1	CDKN2B-AS1	lncRNA	735	900	Novel	3	0.004480645522133	0.022968991536043
SRR618770,618771,618772,618773_alt	236069	ENSG00000229807.12	ENST00000429829.6	XIST	lncRNA	414	474	Novel	3	0.004480645522133	0.0442374726434388
SRR964946_alt	263995	ENSG00000273184.1	ENST00000462662.1	AC010655.4	lncRNA	131	188	Novel	6	0.0046087881520952	0.0309183478994809
SRR618770,618771,618772,618773_alt	148652	ENSG00000251562.8	ENST00000534336.1	MALAT1	lncRNA	1535	1655	Novel	8	0.0046185596393238	1.7548869201149946e-06
SRR618770,618771,618772,618773_alt	262316	ENSG00000206195.11	ENST00000413768.5	DUXAP8	lncRNA	282	501	Novel	4	0.0048978804346033	5.02812634131231e-07
SRR618770,618771,618772,618773_alt	262318	ENSG00000206195.11	ENST00000661115.1	DUXAP8	lncRNA	1566	1761	Novel	4	0.0048978804346033	2.373559565067312e-05
GSE114636_2_alt	390825	ENSG00000282304.1	ENST00000568189.5	AC140479.5	lncRNA	320	560	Novel	3	0.0049224938274777	0.0001275558518036
GSE114636_2_alt	390823	ENSG00000282304.1	ENST00000566951.5	AC140479.5	lncRNA	370	532	Novel	3	0.0049224938274777	0.0111767961267471
GSE114636_2_alt	390822	ENSG00000282304.1	ENST00000562613.2	AC140479.5	lncRNA	411	552	Novel	3	0.0049224938274777	0.0215304840259278
GSE58207_alt	159078	ENSG00000255248.9	ENST00000664908.1	MIR100HG	lncRNA	113	167	Novel	8	0.0051659053474994	5.359208560663268e-06
GSE58207_alt	357253	ENSG00000234949.2	ENST00000452801.1	AC104667.2	lncRNA	74	176	Novel	8	0.0051659053474994	0.0012376720009617
GSE58207_alt	175274	ENSG00000231806.3	ENST00000644721.1	PCAT7	lncRNA	12	246	Novel	8	0.0051659053474994	0.0036682091886946
GSE58207_alt	175275	ENSG00000231806.3	ENST00000452148.2	PCAT7	lncRNA	26	299	Novel	8	0.0051659053474994	0.0037307993163435
GSE58207_alt	357252	ENSG00000234949.2	ENST00000470375.1	AC104667.2	lncRNA	223	268	Novel	8	0.0051659053474994	0.0091613812544041
GSE58207_alt	156817	ENSG00000237187.9	ENST00000654055.1	NR2F1-AS1	lncRNA	121	229	Novel	8	0.0051659053474994	0.0109915946629043
GSE58207_alt	85501	ENSG00000249550.7	ENST00000547963.1	LINC01234	lncRNA	141	309	Novel	8	0.0051659053474994	0.0164269229538863
GSE58207_alt	26896	ENSG00000189223.15	ENST00000617278.2	PAX8-AS1	lncRNA	31	268	Novel	8	0.0051659053474994	0.0345558101911885
GSE74365_alt	48294	ENSG00000272763.1	ENST00000425510.1	AC103702.2	lncRNA	236	377	Novel	3	0.0057284836910489	0.035457348406986
SRR964946_alt	102133	ENSG00000267827.5	ENST00000598982.5	AC011468.2	lncRNA	107	278	Novel	3	0.0065166799193907	0.0086521859806775
SRR964946_alt	11301	ENSG00000235590.7	ENST00000424094.6	GNAS-AS1	lncRNA	26	245	Novel	3	0.0065166799193907	0.0088429001195791
SRR964946_alt	158113	ENSG00000267827.5	ENST00000598982.5	AC011468.2	lncRNA	170	278	Novel	3	0.0065166799193907	0.0109915946629043
SRR964946_alt	93959	ENSG00000229807.12	ENST00000650637.1	XIST	lncRNA	127	166	Novel	3	0.0065166799193907	0.0151504888346992
GSE58207_alt	262573	ENSG00000232445.2	ENST00000663483.1	AC006329.1	lncRNA	478	712	Novel	7	0.0068866913491504	4.843303850270196e-06
GSE58207_alt	253484	ENSG00000250748.6	ENST00000544557.1	AC025419.1	lncRNA	180	378	Novel	7	0.0068866913491504	8.448699113481471e-05
GSE58207_alt	253485	ENSG00000250748.6	ENST00000539653.5	AC025419.1	lncRNA	170	467	Novel	7	0.0068866913491504	0.0001240898919219
GSE58207_alt	371955	ENSG00000250748.6	ENST00000544557.1	AC025419.1	lncRNA	7	55	Novel	7	0.0068866913491504	0.0168871948814574
GSE58207_alt	191233	ENSG00000255650.6	ENST00000541723.5	FAM222A-AS1	lncRNA	103	163	Novel	7	0.0068866913491504	0.0170326459046506
GSE58207_alt	378454	ENSG00000229278.2	ENST00000452391.2	AL133353.1	lncRNA	100	325	Novel	7	0.0068866913491504	0.0264483900073518
GSE58207_alt	283760	ENSG00000189223.15	ENST00000669027.1	PAX8-AS1	lncRNA	15	318	Novel	7	0.0068866913491504	0.0276620688363879
GSE58207_alt	283761	ENSG00000189223.15	ENST00000437551.6	PAX8-AS1	lncRNA	19	289	Novel	7	0.0068866913491504	0.0434669963754603
GSE58207_alt	274336	ENSG00000232445.2	ENST00000663483.1	AC006329.1	lncRNA	221	374	Novel	7	0.0068866913491504	0.0488008981015073
GSE119615_2_alt	204896	ENSG00000237125.10	ENST00000515350.5	HAND2-AS1	lncRNA	303	420	Novel	4	0.0070838794362134	0.0007542924651098
GSE119615_2_alt	204892	ENSG00000237125.10	ENST00000507571.5	HAND2-AS1	lncRNA	303	471	Novel	4	0.0070838794362134	0.0009098380076851
GSE119615_2_alt	204887	ENSG00000237125.10	ENST00000508534.5	HAND2-AS1	lncRNA	303	549	Novel	4	0.0070838794362134	0.0010364367141377
GSE119615_2_alt	204895	ENSG00000237125.10	ENST00000510339.5	HAND2-AS1	lncRNA	303	555	Novel	4	0.0070838794362134	0.0010432446409431
GSE119615_2_alt	204893	ENSG00000237125.10	ENST00000502896.5	HAND2-AS1	lncRNA	210	459	Novel	4	0.0070838794362134	0.0068377614388651
GSE81802_alt	206717	ENSG00000270164.1	ENST00000597199.1	LINC01480	lncRNA	1470	1629	Novel	2	0.0076878046551732	0.000345726171684
GSE81802_alt	105495	ENSG00000270164.1	ENST00000487420.2	LINC01480	lncRNA	409	658	Novel	2	0.0076878046551732	0.0025798326806066
GSE81802_alt	98356	ENSG00000185433.10	ENST00000669436.1	LINC00158	lncRNA	365	470	Novel	2	0.0076878046551732	0.0052874294150849
GSE81802_alt	98357	ENSG00000185433.10	ENST00000662734.1	LINC00158	lncRNA	377	491	Novel	2	0.0076878046551732	0.0054058076912666
GSE81802_alt	98358	ENSG00000185433.10	ENST00000659435.1	LINC00158	lncRNA	377	527	Novel	2	0.0076878046551732	0.0057425995549135
SRR964946_alt	34242	ENSG00000176840.12	ENST00000588758.5	MIR7-3HG	lncRNA	4	184	Novel	1	0.0077754646737889	0.0036682815855487
SRR964946_alt	34240	ENSG00000176840.12	ENST00000658545.1	MIR7-3HG	lncRNA	62	260	Novel	1	0.0077754646737889	0.0037080508062773
SRR964946_alt	335598	ENSG00000226419.8	ENST00000428411.6	SLC16A1-AS1	lncRNA	192	414	Novel	1	0.0077754646737889	0.0037512406643544
SRR964946_alt	34238	ENSG00000176840.12	ENST00000586721.6	MIR7-3HG	lncRNA	152	377	Novel	1	0.0077754646737889	0.0037560039538405
SRR964946_alt	34237	ENSG00000176840.12	ENST00000591008.2	MIR7-3HG	lncRNA	152	392	Novel	1	0.0077754646737889	0.0037780660806993
SRR964946_alt	34239	ENSG00000176840.12	ENST00000663804.1	MIR7-3HG	lncRNA	152	407	Novel	1	0.0077754646737889	0.0037975761824628
SRR964946_alt	123738	ENSG00000241472.7	ENST00000466893.5	PTPRG-AS1	lncRNA	52	190	Novel	1	0.0077754646737889	0.0056490839063588
SRR964946_alt	85986	ENSG00000232995.7	ENST00000439699.1	AL592435.1	lncRNA	114	240	Novel	1	0.0077754646737889	0.0063405856744372
SRR964946_alt	248646	ENSG00000240498.9	ENST00000645313.2	CDKN2B-AS1	lncRNA	61	184	Novel	1	0.0077754646737889	0.01115476674344
SRR964946_alt	20290	ENSG00000226419.8	ENST00000420168.2	SLC16A1-AS1	lncRNA	102	309	Novel	1	0.0077754646737889	0.0116346988712626
SRR964946_alt	89923	ENSG00000163364.10	ENST00000658669.1	LINC01116	lncRNA	1	76	Novel	1	0.0077754646737889	0.0118735366661282
SRR964946_alt	272496	ENSG00000237523.2	ENST00000660450.1	LINC00857	lncRNA	69	213	Novel	1	0.0077754646737889	0.0133941446131128
SRR964946_alt	254319	ENSG00000240498.9	ENST00000428597.6	CDKN2B-AS1	lncRNA	15	216	Novel	1	0.0077754646737889	0.0137674274299318
SRR964946_alt	123736	ENSG00000241472.7	ENST00000669571.1	PTPRG-AS1	lncRNA	100	172	Novel	1	0.0077754646737889	0.0139196313379246
SRR964946_alt	249760	ENSG00000241472.7	ENST00000466893.5	PTPRG-AS1	lncRNA	67	190	Novel	1	0.0077754646737889	0.0155191228528589
SRR964946_alt	253564	ENSG00000229847.9	ENST00000656309.1	EMX2OS	lncRNA	33	99	Novel	1	0.0077754646737889	0.0227133588252046
SRR964946_alt	273397	ENSG00000234456.8	ENST00000617955.5	MAGI2-AS3	lncRNA	123	207	Novel	1	0.0077754646737889	0.0243565379634923
SRR964946_alt	51882	ENSG00000239467.6	ENST00000662201.1	AC007405.3	lncRNA	56	233	Novel	1	0.0077754646737889	0.0272236819057642
SRR964946_alt	51881	ENSG00000239467.6	ENST00000662915.1	AC007405.3	lncRNA	55	250	Novel	1	0.0077754646737889	0.027369941250844
SRR964946_alt	133986	ENSG00000206195.11	ENST00000661156.1	DUXAP8	lncRNA	1068	1116	Novel	1	0.0077754646737889	0.0297610704641233
SRR964946_alt	204512	ENSG00000163364.10	ENST00000295549.9	LINC01116	lncRNA	345	414	Novel	1	0.0077754646737889	0.0319893743949909
SRR964946_alt	56766	ENSG00000232445.2	ENST00000663483.1	AC006329.1	lncRNA	103	154	Novel	1	0.0077754646737889	0.0326530612244888
SRR964946_alt	129892	ENSG00000229807.12	ENST00000635841.2	XIST	lncRNA	46	136	Novel	1	0.0077754646737889	0.0345590738849173
SRR964946_alt	287828	ENSG00000240990.10	ENST00000650141.1	HOXA11-AS	lncRNA	43	136	Novel	1	0.0077754646737889	0.0346392737697073
SRR964946_alt	100055	ENSG00000259485.2	ENST00000559321.2	LINC02253	lncRNA	260	368	Novel	1	0.0077754646737889	0.0349732557456049
SRR964946_alt	300501	ENSG00000234690.7	ENST00000441997.5	EPCAM-DT	lncRNA	114	255	Novel	1	0.0077754646737889	0.035457348406986
SRR964946_alt	129894	ENSG00000229807.12	ENST00000650627.1	XIST	lncRNA	1014	1164	Novel	1	0.0077754646737889	0.0355523308543393
SRR964946_alt	370091	ENSG00000176840.12	ENST00000588758.5	MIR7-3HG	lncRNA	25	184	Novel	1	0.0077754646737889	0.0356365395468831
SRR964946_alt	173048	ENSG00000226419.8	ENST00000420168.2	SLC16A1-AS1	lncRNA	141	309	Novel	1	0.0077754646737889	0.0357117091118959
SRR964946_alt	370089	ENSG00000176840.12	ENST00000655375.1	MIR7-3HG	lncRNA	59	236	Novel	1	0.0077754646737889	0.0357792207792241
SRR964946_alt	370087	ENSG00000176840.12	ENST00000586721.6	MIR7-3HG	lncRNA	173	377	Novel	1	0.0077754646737889	0.0359459591279325
SRR964946_alt	287827	ENSG00000240990.10	ENST00000522863.2	HOXA11-AS	lncRNA	1083	1293	Novel	1	0.0077754646737889	0.035977180714016
SRR964946_alt	370085	ENSG00000176840.12	ENST00000591008.2	MIR7-3HG	lncRNA	173	392	Novel	1	0.0077754646737889	0.0360208007440896
SRR964946_alt	370086	ENSG00000176840.12	ENST00000669700.1	MIR7-3HG	lncRNA	59	293	Novel	1	0.0077754646737889	0.0360860342361099
SRR964946_alt	370088	ENSG00000176840.12	ENST00000663804.1	MIR7-3HG	lncRNA	173	407	Novel	1	0.0077754646737889	0.0360860342361099
SRR964946_alt	56003	ENSG00000248890.2	ENST00000508269.1	HHIP-AS1	lncRNA	26	317	Novel	1	0.0077754646737889	0.0362725211788567
SRR964946_alt	370090	ENSG00000176840.12	ENST00000660889.1	MIR7-3HG	lncRNA	173	470	Novel	1	0.0077754646737889	0.0362879828981502
SRR964946_alt	375868	ENSG00000245648.2	ENST00000665123.1	AC022075.1	lncRNA	152	365	Novel	1	0.0077754646737889	0.0367114869444909
SRR964946_alt	375867	ENSG00000245648.2	ENST00000500682.1	AC022075.1	lncRNA	90	372	Novel	1	0.0077754646737889	0.0375136724249717
SRR964946_alt	249758	ENSG00000241472.7	ENST00000660182.1	PTPRG-AS1	lncRNA	101	158	Novel	1	0.0077754646737889	0.0379536605951712
SRR964946_alt	71244	ENSG00000213468.7	ENST00000649541.1	FIRRE	lncRNA	104	212	Novel	1	0.0077754646737889	0.0398870836679969
SRR964946_alt	298384	ENSG00000250159.7	ENST00000670115.1	AC106791.1	lncRNA	102	168	Novel	1	0.0077754646737889	0.0410511487068955
SRR964946_alt	129893	ENSG00000229807.12	ENST00000648970.1	XIST	lncRNA	1137	1260	Novel	1	0.0077754646737889	0.0419006784396459
SRR964946_alt	55204	ENSG00000240498.9	ENST00000652420.1	CDKN2B-AS1	lncRNA	33	186	Novel	1	0.0077754646737889	0.0425640749725322
SRR964946_alt	69068	ENSG00000185904.12	ENST00000659650.1	LINC00839	lncRNA	378	660	Novel	1	0.0077754646737889	0.0438041026253696
SRR964946_alt	34241	ENSG00000176840.12	ENST00000669248.1	MIR7-3HG	lncRNA	152	446	Novel	1	0.0077754646737889	0.0438639906751937
SRR964946_alt	88417	ENSG00000234456.8	ENST00000669576.1	MAGI2-AS3	lncRNA	200	449	Novel	1	0.0077754646737889	0.0460112315461359
SRR618770,618771,618772,618773_alt	11405	ENSG00000251562.8	ENST00000534336.1	MALAT1	lncRNA	1493	1532	Novel	7	0.007777543035662	4.773719203142797e-06
GSE58207_alt	346860	ENSG00000249859.11	ENST00000656491.1	PVT1	lncRNA	55	268	Novel	50	0.0089815149712378	0.0006607334966121
GSE58207_alt	346861	ENSG00000249859.11	ENST00000663753.1	PVT1	lncRNA	105	180	Novel	50	0.0089815149712378	0.0105158937939032
GSE58207_alt	346859	ENSG00000249859.11	ENST00000657693.1	PVT1	lncRNA	109	274	Novel	50	0.0089815149712378	0.0178325688460406
GSE58207_alt	265394	ENSG00000255650.6	ENST00000541460.2	FAM222A-AS1	lncRNA	32	140	Novel	6	0.0092982124237389	0.0002097439033968
GSE58207_alt	99293	ENSG00000255248.9	ENST00000532350.6	MIR100HG	lncRNA	105	144	Novel	6	0.0092982124237389	0.0002928625219646
GSE58207_alt	325513	ENSG00000237512.6	ENST00000447119.2	UNC5B-AS1	lncRNA	205	280	Novel	6	0.0092982124237389	0.0138886375338128
GSE58207_alt	240199	ENSG00000237978.6	ENST00000451742.5	KCNMB2-AS1	lncRNA	73	175	Novel	6	0.0092982124237389	0.0344047127425773
GSE119615_1_alt	315136	ENSG00000247134.7	ENST00000670899.1	AC090204.1	lncRNA	55	292	Novel	9	0.010325947438617	0.0117241655647696
GSE74365_alt	48296	ENSG00000272763.1	ENST00000433510.2	AC103702.2	lncRNA	504	681	Novel	3	0.0111449547615956	0.0357792207792241
GSE58207_alt	224709	ENSG00000249859.11	ENST00000657356.1	PVT1	lncRNA	118	253	Novel	28	0.0123146531713065	0.0044646505053671
GSE58207_alt	255710	ENSG00000247134.7	ENST00000670899.1	AC090204.1	lncRNA	34	292	Novel	16	0.0123913157880376	0.0286814399269814
GSE58207_alt	359938	ENSG00000249859.11	ENST00000669416.1	PVT1	lncRNA	1053	1140	Novel	5	0.012769188910581	7.345342353922381e-05
GSE58207_alt	298812	ENSG00000239322.1	ENST00000422761.1	ATP6V1B1-AS1	lncRNA	12	216	Novel	5	0.012769188910581	0.0013870218664763
GSE58207_alt	115655	ENSG00000256546.2	ENST00000423999.2	AC156455.1	lncRNA	33	81	Novel	5	0.012769188910581	0.0017723523478696
GSE58207_alt	61111	ENSG00000234753.5	ENST00000414386.5	FOXP4-AS1	lncRNA	47	80	Novel	5	0.012769188910581	0.0034760845383759
GSE58207_alt	251806	ENSG00000232445.2	ENST00000663483.1	AC006329.1	lncRNA	616	712	Novel	5	0.012769188910581	0.0134011360748545
GSE58207_alt	40766	ENSG00000231131.8	ENST00000422763.1	LNCAROD	lncRNA	268	358	Novel	5	0.012769188910581	0.0264436862070138
GSE58207_alt	330192	ENSG00000237512.6	ENST00000447119.2	UNC5B-AS1	lncRNA	217	280	Novel	5	0.012769188910581	0.0386576916526988
GSE58207_alt	304526	ENSG00000270069.1	ENST00000602507.1	MIR222HG	lncRNA	34	172	Novel	5	0.012769188910581	0.039150161051733
SRR964946_alt	391695	ENSG00000229807.12	ENST00000429829.6	XIST	lncRNA	755	851	Novel	2	0.0128647219824792	8.629059141140488e-06
SRR964946_alt	41114	ENSG00000247134.7	ENST00000671310.1	AC090204.1	lncRNA	143	269	Novel	2	0.0128647219824792	0.0045648017530275
SRR964946_alt	41115	ENSG00000247134.7	ENST00000500843.2	AC090204.1	lncRNA	158	308	Novel	2	0.0128647219824792	0.0055350789576922
SRR964946_alt	288857	ENSG00000185904.12	ENST00000424751.3	LINC00839	lncRNA	14	257	Novel	2	0.0128647219824792	0.0083019890354751
SRR964946_alt	211521	ENSG00000261373.1	ENST00000562298.1	VPS9D1-AS1	lncRNA	72	153	Novel	2	0.0128647219824792	0.034228205131956
SRR964946_alt	259740	ENSG00000251381.8	ENST00000527945.2	LINC00958	lncRNA	65	314	Novel	2	0.0128647219824792	0.0356456543698965
GSE58207_alt	203249	ENSG00000249859.11	ENST00000665856.1	PVT1	lncRNA	27	282	Novel	27	0.0134498939807932	0.0006641315417349
GSE58207_alt	203250	ENSG00000249859.11	ENST00000662413.1	PVT1	lncRNA	0	180	Novel	27	0.0134498939807932	0.0008667357480634
GSE102786_alt	212252	ENSG00000233101.10	ENST00000460041.5	HOXB-AS3	lncRNA	304	421	Novel	1	0.0137420475557682	0.0106158204083788
SRR618770,618771,618772,618773_alt	233735	ENSG00000206195.11	ENST00000413768.5	DUXAP8	lncRNA	285	501	Novel	3	0.0140900023353464	1.3900546393412333e-06
SRR618770,618771,618772,618773_alt	233737	ENSG00000206195.11	ENST00000661115.1	DUXAP8	lncRNA	1569	1761	Novel	3	0.0140900023353464	6.090576801536509e-05
GSE119615_2_alt	204894	ENSG00000237125.10	ENST00000616485.4	HAND2-AS1	lncRNA	206	395	Novel	4	0.0156182093206406	0.0001619117106772
SRR964946_alt	307683	ENSG00000273184.1	ENST00000462662.1	AC010655.4	lncRNA	98	188	Novel	3	0.0158326189787799	0.0031041045735003
SRR964946_alt	377812	ENSG00000266402.3	ENST00000582965.1	SNHG25	lncRNA	63	105	Novel	8	0.0159146087541016	3.8776222420412535e-05
SRR618770,618771,618772,618773_alt	118269	ENSG00000281091.3	ENST00000628546.1	AL117327.1	lncRNA	120	252	Novel	4	0.0162087991248886	0.0180185303484619
GSE58207_alt	306429	ENSG00000236081.1	ENST00000453348.1	ELFN1-AS1	lncRNA	472	589	Novel	14	0.0166632597573524	0.0351324337831074
GSE58207_alt	11931	ENSG00000255248.9	ENST00000532350.6	MIR100HG	lncRNA	102	144	Novel	4	0.0179617992951374	6.734817578282319e-05
GSE58207_alt	160645	ENSG00000260086.3	ENST00000568150.3	AC007611.1	lncRNA	98	371	Novel	4	0.0179617992951374	0.0025407213712049
GSE58207_alt	160646	ENSG00000260086.3	ENST00000565072.1	AC007611.1	lncRNA	58	145	Novel	4	0.0179617992951374	0.0035787623696516
GSE58207_alt	160644	ENSG00000260086.3	ENST00000564212.1	AC007611.1	lncRNA	73	205	Novel	4	0.0179617992951374	0.0041760885989962
GSE58207_alt	190654	ENSG00000249550.7	ENST00000547963.1	LINC01234	lncRNA	186	309	Novel	4	0.0179617992951374	0.0099742429431487
GSE58207_alt	322577	ENSG00000230316.7	ENST00000437317.1	FEZF1-AS1	lncRNA	101	230	Novel	4	0.0179617992951374	0.0112095363079622
GSE58207_alt	327431	ENSG00000203711.14	ENST00000650421.1	C6orf99	lncRNA	101	227	Novel	4	0.0179617992951374	0.0189885190974366
GSE58207_alt	176210	ENSG00000253408.6	ENST00000518213.2	AC083973.1	lncRNA	16	94	Novel	4	0.0179617992951374	0.0341763499658244
GSE58207_alt	61393	ENSG00000227036.8	ENST00000577773.2	LINC00511	lncRNA	186	306	Novel	4	0.0179617992951374	0.0351801737644211
GSE58207_alt	61394	ENSG00000227036.8	ENST00000649433.1	LINC00511	lncRNA	212	338	Novel	4	0.0179617992951374	0.0352688172042986
GSE58207_alt	144984	ENSG00000273143.2	ENST00000666621.1	AL355512.1	lncRNA	362	428	Novel	4	0.0179617992951374	0.044038732728582
SRR618770,618771,618772,618773_alt	252050	ENSG00000243479.3	ENST00000480284.1	MNX1-AS1	lncRNA	370	547	Novel	2	0.0191644311847208	0.0030220919951792
SRR618770,618771,618772,618773_alt	374864	ENSG00000229807.12	ENST00000429829.6	XIST	lncRNA	381	474	Novel	2	0.0191644311847208	0.0038627008160461
SRR618770,618771,618772,618773_alt	281363	ENSG00000228065.11	ENST00000659814.1	LINC01515	lncRNA	185	290	Novel	2	0.0191644311847208	0.0050375511813699
SRR618770,618771,618772,618773_alt	205842	ENSG00000232995.7	ENST00000439699.1	AL592435.1	lncRNA	192	240	Novel	2	0.0191644311847208	0.0082460906202918
SRR618770,618771,618772,618773_alt	156233	ENSG00000249859.11	ENST00000657183.1	PVT1	lncRNA	290	425	Novel	2	0.0191644311847208	0.0344660786065638
GSE119615_2_alt	204897	ENSG00000237125.10	ENST00000505621.5	HAND2-AS1	lncRNA	303	492	Novel	4	0.0228132914083806	0.0009528808166065
GSE58207_alt	369422	ENSG00000214049.8	ENST00000644400.1	UCA1	lncRNA	100	145	Novel	33	0.0242380057037397	0.0248468065226874
SRR618770,618771,618772,618773_alt	208562	ENSG00000250546.6	ENST00000508406.1	AC079160.1	lncRNA	5	158	Novel	1	0.0251069926582545	8.892188948418898e-05
SRR618770,618771,618772,618773_alt	238722	ENSG00000206195.11	ENST00000661156.1	DUXAP8	lncRNA	918	1116	Novel	1	0.0251069926582545	0.0001284686125368
SRR618770,618771,618772,618773_alt	321196	ENSG00000247134.7	ENST00000655535.1	AC090204.1	lncRNA	246	375	Novel	1	0.0251069926582545	0.0001686053987488
SRR618770,618771,618772,618773_alt	141015	ENSG00000250546.6	ENST00000508406.1	AC079160.1	lncRNA	23	158	Novel	1	0.0251069926582545	0.0002210092512229
SRR618770,618771,618772,618773_alt	210421	ENSG00000229807.12	ENST00000650627.1	XIST	lncRNA	972	1164	Novel	1	0.0251069926582545	0.0002542384224763
SRR618770,618771,618772,618773_alt	210420	ENSG00000229807.12	ENST00000648970.1	XIST	lncRNA	1095	1260	Novel	1	0.0251069926582545	0.0006637506837457
SRR618770,618771,618772,618773_alt	206002	ENSG00000231107.2	ENST00000425666.2	LINC01508	lncRNA	235	322	Novel	1	0.0251069926582545	0.0007413288558754
SRR618770,618771,618772,618773_alt	169762	ENSG00000229847.9	ENST00000423419.1	EMX2OS	lncRNA	140	323	Novel	1	0.0251069926582545	0.0007680199734961
SRR618770,618771,618772,618773_alt	26446	ENSG00000229807.12	ENST00000650627.1	XIST	lncRNA	990	1164	Novel	1	0.0251069926582545	0.0008018370555036
SRR618770,618771,618772,618773_alt	230312	ENSG00000232445.2	ENST00000663483.1	AC006329.1	lncRNA	502	712	Novel	1	0.0251069926582545	0.0008719025877036
SRR618770,618771,618772,618773_alt	117876	ENSG00000230316.7	ENST00000437317.1	FEZF1-AS1	lncRNA	116	230	Novel	1	0.0251069926582545	0.0010351546642851
SRR618770,618771,618772,618773_alt	124341	ENSG00000186019.11	ENST00000661725.1	AC021092.1	lncRNA	18	249	Novel	1	0.0251069926582545	0.0013191963489847
SRR618770,618771,618772,618773_alt	252765	ENSG00000186019.11	ENST00000592946.1	AC021092.1	lncRNA	43	211	Novel	1	0.0251069926582545	0.0014627203197463
SRR618770,618771,618772,618773_alt	127764	ENSG00000250159.7	ENST00000514616.6	AC106791.1	lncRNA	153	315	Novel	1	0.0251069926582545	0.0016494430087062
SRR618770,618771,618772,618773_alt	202408	ENSG00000259230.1	ENST00000559946.1	LINC02323	lncRNA	498	729	Novel	1	0.0251069926582545	0.0019398936251614
SRR618770,618771,618772,618773_alt	303653	ENSG00000228065.11	ENST00000663281.1	LINC01515	lncRNA	20	92	Novel	1	0.0251069926582545	0.0019484697029502
SRR618770,618771,618772,618773_alt	120593	ENSG00000229847.9	ENST00000423419.1	EMX2OS	lncRNA	155	323	Novel	1	0.0251069926582545	0.001959259906766
SRR618770,618771,618772,618773_alt	26445	ENSG00000229807.12	ENST00000648970.1	XIST	lncRNA	1113	1260	Novel	1	0.0251069926582545	0.0020620106480533
SRR618770,618771,618772,618773_alt	233728	ENSG00000269834.6	ENST00000601562.5	ZNF528-AS1	lncRNA	132	204	Novel	1	0.0251069926582545	0.0021145309080116
SRR618770,618771,618772,618773_alt	16906	ENSG00000242288.9	ENST00000399449.3	AC022400.3	lncRNA	259	355	Novel	1	0.0251069926582545	0.0030628410491108
SRR618770,618771,618772,618773_alt	363453	ENSG00000226453.2	ENST00000668266.1	LINC02542	lncRNA	168	255	Novel	1	0.0251069926582545	0.003213950192013
SRR618770,618771,618772,618773_alt	59741	ENSG00000228340.6	ENST00000663582.1	MIR646HG	lncRNA	121	205	Novel	1	0.0251069926582545	0.004253920074659
SRR618770,618771,618772,618773_alt	46886	ENSG00000226419.8	ENST00000428411.6	SLC16A1-AS1	lncRNA	71	203	Novel	1	0.0251069926582545	0.0060740473939955
SRR618770,618771,618772,618773_alt	320663	ENSG00000267313.7	ENST00000596923.1	AC021504.1	lncRNA	236	353	Novel	1	0.0251069926582545	0.0061870797560522
SRR618770,618771,618772,618773_alt	320664	ENSG00000267313.7	ENST00000601445.5	AC021504.1	lncRNA	234	354	Novel	1	0.0251069926582545	0.0062486380928328
SRR618770,618771,618772,618773_alt	320662	ENSG00000267313.7	ENST00000601523.5	AC021504.1	lncRNA	317	482	Novel	1	0.0251069926582545	0.0069178710137195
SRR618770,618771,618772,618773_alt	49378	ENSG00000228065.11	ENST00000663281.1	LINC01515	lncRNA	53	92	Novel	1	0.0251069926582545	0.0073634005522551
SRR618770,618771,618772,618773_alt	169764	ENSG00000229847.9	ENST00000656309.1	EMX2OS	lncRNA	189	264	Novel	1	0.0251069926582545	0.0074759304934881
SRR618770,618771,618772,618773_alt	10612	ENSG00000281091.3	ENST00000629535.3	AL117327.1	lncRNA	222	366	Novel	1	0.0251069926582545	0.0090569775470052
SRR618770,618771,618772,618773_alt	222499	ENSG00000176840.12	ENST00000663804.1	MIR7-3HG	lncRNA	1356	1437	Novel	1	0.0251069926582545	0.0105485232067508
SRR618770,618771,618772,618773_alt	341414	ENSG00000235531.10	ENST00000653074.1	MSC-AS1	lncRNA	126	306	Novel	1	0.0251069926582545	0.0115288849831536
SRR618770,618771,618772,618773_alt	115582	ENSG00000213468.7	ENST00000649541.1	FIRRE	lncRNA	128	212	Novel	1	0.0251069926582545	0.0115735143930669
SRR618770,618771,618772,618773_alt	177547	ENSG00000223485.4	ENST00000657431.1	LINC01615	lncRNA	40	295	Novel	1	0.0251069926582545	0.0117677977999778
SRR618770,618771,618772,618773_alt	374704	ENSG00000204860.5	ENST00000665533.1	FAM201A	lncRNA	264	390	Novel	1	0.0251069926582545	0.0131554281335551
SRR618770,618771,618772,618773_alt	108288	ENSG00000245648.2	ENST00000665123.1	AC022075.1	lncRNA	92	365	Novel	1	0.0251069926582545	0.0136953754078176
SRR618770,618771,618772,618773_alt	138998	ENSG00000213468.7	ENST00000649541.1	FIRRE	lncRNA	224	365	Novel	1	0.0251069926582545	0.0158110768331916
SRR618770,618771,618772,618773_alt	120594	ENSG00000229847.9	ENST00000656309.1	EMX2OS	lncRNA	204	264	Novel	1	0.0251069926582545	0.0170326459046506
SRR618770,618771,618772,618773_alt	129339	ENSG00000250159.7	ENST00000514616.6	AC106791.1	lncRNA	100	148	Novel	1	0.0251069926582545	0.0170462412840034
SRR618770,618771,618772,618773_alt	204134	ENSG00000226419.8	ENST00000420168.2	SLC16A1-AS1	lncRNA	198	309	Novel	1	0.0251069926582545	0.0271074662350886
SRR618770,618771,618772,618773_alt	357457	ENSG00000213468.7	ENST00000649541.1	FIRRE	lncRNA	0	117	Novel	1	0.0251069926582545	0.0276615835439022
SRR618770,618771,618772,618773_alt	315472	ENSG00000255468.7	ENST00000531602.1	AP001107.9	lncRNA	72	111	Novel	1	0.0251069926582545	0.0280656596446068
SRR618770,618771,618772,618773_alt	347942	ENSG00000247134.7	ENST00000655535.1	AC090204.1	lncRNA	157	250	Novel	1	0.0251069926582545	0.0282171532757814
SRR618770,618771,618772,618773_alt	287825	ENSG00000240990.10	ENST00000647680.1	HOXA11-AS	lncRNA	798	849	Novel	1	0.0251069926582545	0.0326530612244888
SRR618770,618771,618772,618773_alt	222498	ENSG00000176840.12	ENST00000662608.1	MIR7-3HG	lncRNA	499	556	Novel	1	0.0251069926582545	0.0331168831168832
SRR618770,618771,618772,618773_alt	157538	ENSG00000229807.12	ENST00000650627.1	XIST	lncRNA	11586	11748	Novel	1	0.0251069926582545	0.0334633169824645
SRR618770,618771,618772,618773_alt	157539	ENSG00000253706.5	ENST00000522914.1	AC011632.1	lncRNA	276	348	Novel	1	0.0251069926582545	0.0339369550637161
SRR618770,618771,618772,618773_alt	292454	ENSG00000223652.2	ENST00000442777.2	AC106786.1	lncRNA	50	245	Novel	1	0.0251069926582545	0.0343387343307942
SRR618770,618771,618772,618773_alt	330850	ENSG00000278291.1	ENST00000610494.1	AL161772.1	lncRNA	383	473	Novel	1	0.0251069926582545	0.0345590738849173
SRR618770,618771,618772,618773_alt	348017	ENSG00000213468.7	ENST00000649541.1	FIRRE	lncRNA	260	365	Novel	1	0.0251069926582545	0.0349141150112038
SRR618770,618771,618772,618773_alt	262336	ENSG00000261008.7	ENST00000624829.4	LINC01572	lncRNA	148	364	Novel	1	0.0251069926582545	0.0360066652177004
SRR618770,618771,618772,618773_alt	206406	ENSG00000163364.10	ENST00000658669.1	LINC01116	lncRNA	547	811	Novel	1	0.0251069926582545	0.0361942356253429
SRR618770,618771,618772,618773_alt	241784	ENSG00000249641.2	ENST00000512916.2	HOXC13-AS	lncRNA	74	350	Novel	1	0.0251069926582545	0.0431726923537956
GSE58207_alt	382374	ENSG00000227036.8	ENST00000650482.1	LINC00511	lncRNA	16	130	Novel	3	0.02621763414516	3.889304995729752e-05
GSE58207_alt	384075	ENSG00000227036.8	ENST00000650482.1	LINC00511	lncRNA	10	130	Novel	3	0.02621763414516	4.017485021076062e-05
GSE58207_alt	188763	ENSG00000250748.6	ENST00000537250.5	AC025419.1	lncRNA	12	204	Novel	3	0.02621763414516	0.0002132988924462
GSE58207_alt	188764	ENSG00000250748.6	ENST00000539653.5	AC025419.1	lncRNA	176	467	Novel	3	0.02621763414516	0.0003069593333138
GSE58207_alt	250230	ENSG00000206195.11	ENST00000413768.5	DUXAP8	lncRNA	372	501	Novel	3	0.02621763414516	0.0003656040674769
GSE58207_alt	250232	ENSG00000206195.11	ENST00000661115.1	DUXAP8	lncRNA	1656	1761	Novel	3	0.02621763414516	0.0009285383888863
GSE58207_alt	259739	ENSG00000233695.2	ENST00000458001.2	GAS6-AS1	lncRNA	35	155	Novel	3	0.02621763414516	0.001084032326548
GSE58207_alt	176970	ENSG00000185904.12	ENST00000424751.3	LINC00839	lncRNA	86	257	Novel	3	0.02621763414516	0.0018583416267714
GSE58207_alt	244158	ENSG00000249550.7	ENST00000662465.1	LINC01234	lncRNA	219	474	Novel	3	0.02621763414516	0.0020832601007218
GSE58207_alt	181361	ENSG00000251141.6	ENST00000503452.5	MRPS30-DT	lncRNA	8	77	Novel	3	0.02621763414516	0.0110479059956095
GSE58207_alt	7953	ENSG00000227036.8	ENST00000577773.2	LINC00511	lncRNA	183	306	Novel	3	0.02621763414516	0.0111547667434402
GSE58207_alt	7956	ENSG00000227036.8	ENST00000649433.1	LINC00511	lncRNA	209	338	Novel	3	0.02621763414516	0.011209536307963
GSE58207_alt	7955	ENSG00000227036.8	ENST00000647652.1	LINC00511	lncRNA	14	149	Novel	3	0.02621763414516	0.0210181591962903
GSE58207_alt	155931	ENSG00000267123.7	ENST00000648052.2	SCAT1	lncRNA	19	271	Novel	3	0.02621763414516	0.0220827043139946
GSE58207_alt	168281	ENSG00000259933.6	ENST00000563284.3	AC009065.2	lncRNA	125	401	Novel	3	0.02621763414516	0.0305465616190994
GSE58207_alt	388514	ENSG00000247095.3	ENST00000665964.1	MIR210HG	lncRNA	204	498	Novel	3	0.02621763414516	0.032724978569419
GSE58207_alt	150601	ENSG00000182912.6	ENST00000465978.1	TSPEAR-AS2	lncRNA	25	142	Novel	3	0.02621763414516	0.0351324337831074
GSE58207_alt	151318	ENSG00000236682.2	ENST00000654347.1	MAP3K2-DT	lncRNA	151	298	Novel	3	0.02621763414516	0.0355219650448742
GSE58207_alt	274536	ENSG00000272808.4	ENST00000431060.4	AC015712.6	lncRNA	39	282	Novel	3	0.02621763414516	0.0361213035675508
GSE58207_alt	7954	ENSG00000227036.8	ENST00000578206.2	LINC00511	lncRNA	127	346	Novel	3	0.02621763414516	0.039936573326565
GSE58207_alt	321016	ENSG00000272763.1	ENST00000433510.2	AC103702.2	lncRNA	749	917	Novel	11	0.026557117030012	0.0016458267283519
SRR964946_alt	296633	ENSG00000244300.3	ENST00000468377.1	GATA2-AS1	lncRNA	148	280	Novel	2	0.0265858674311544	0.0169432262733916
SRR964946_alt	307557	ENSG00000253716.6	ENST00000517411.2	MINCR	lncRNA	75	216	Novel	2	0.0265858674311544	0.0192228405586095
SRR964946_alt	307556	ENSG00000253716.6	ENST00000524335.1	MINCR	lncRNA	70	190	Novel	2	0.0265858674311544	0.0380040314078985
SRR964946_alt	307558	ENSG00000253716.6	ENST00000521207.1	MINCR	lncRNA	15	141	Novel	2	0.0265858674311544	0.038555048669531
SRR964946_alt	100670	ENSG00000244300.3	ENST00000464242.1	GATA2-AS1	lncRNA	8	164	Novel	2	0.0265858674311544	0.0430223360246793
SRR964946_alt	259455	ENSG00000251562.8	ENST00000619449.2	MALAT1	lncRNA	1744	1780	Novel	5	0.0302423094417601	0.0189214272217864
SRR964946_alt	133256	ENSG00000229807.12	ENST00000429829.6	XIST	lncRNA	551	851	Novel	1	0.0309125504174667	1.087631458978614e-05
SRR964946_alt	276844	ENSG00000212978.6	ENST00000420918.3	AC016747.1	lncRNA	36	276	Novel	1	0.0309125504174667	1.9798063372200844e-05
SRR964946_alt	141010	ENSG00000212978.6	ENST00000420918.3	AC016747.1	lncRNA	96	276	Novel	1	0.0309125504174667	0.0004119453101004
SRR964946_alt	73101	ENSG00000225548.7	ENST00000414382.5	LINC01980	lncRNA	235	280	Novel	1	0.0309125504174667	0.0011009457079253
SRR964946_alt	78705	ENSG00000228065.11	ENST00000666706.1	LINC01515	lncRNA	202	271	Novel	1	0.0309125504174667	0.0011627398428326
SRR964946_alt	57175	ENSG00000240498.9	ENST00000651588.1	CDKN2B-AS1	lncRNA	663	900	Novel	1	0.0309125504174667	0.0017203468444105
SRR964946_alt	321197	ENSG00000247134.7	ENST00000500843.2	AC090204.1	lncRNA	155	308	Novel	1	0.0309125504174667	0.0022793200606975
SRR964946_alt	275030	ENSG00000229807.12	ENST00000429829.6	XIST	lncRNA	351	474	Novel	1	0.0309125504174667	0.002689306021693
SRR964946_alt	51192	ENSG00000227036.8	ENST00000648623.2	LINC00511	lncRNA	49	109	Novel	1	0.0309125504174667	0.0031926066794784
SRR964946_alt	249812	ENSG00000229807.12	ENST00000429829.6	XIST	lncRNA	372	474	Novel	1	0.0309125504174667	0.0046716600663003
SRR964946_alt	123737	ENSG00000241472.7	ENST00000479018.5	PTPRG-AS1	lncRNA	95	227	Novel	1	0.0309125504174667	0.0055962112560346
SRR964946_alt	345489	ENSG00000229807.12	ENST00000429829.6	XIST	lncRNA	396	474	Novel	1	0.0309125504174667	0.0071710730138592
SRR964946_alt	98554	ENSG00000212978.6	ENST00000420918.3	AC016747.1	lncRNA	219	276	Novel	1	0.0309125504174667	0.0098124098124099
SRR964946_alt	249759	ENSG00000241472.7	ENST00000479018.5	PTPRG-AS1	lncRNA	110	227	Novel	1	0.0309125504174667	0.0154021440607115
SRR964946_alt	60471	ENSG00000267827.5	ENST00000598982.5	AC011468.2	lncRNA	44	278	Novel	1	0.0309125504174667	0.0170777147117038
SRR964946_alt	264239	ENSG00000185904.12	ENST00000424751.3	LINC00839	lncRNA	71	257	Novel	1	0.0309125504174667	0.0211106679625793
SRR964946_alt	95575	ENSG00000235590.7	ENST00000424094.6	GNAS-AS1	lncRNA	29	245	Novel	1	0.0309125504174667	0.0223469745525567
SRR964946_alt	380417	ENSG00000212978.6	ENST00000420918.3	AC016747.1	lncRNA	237	276	Novel	1	0.0309125504174667	0.0312944523470839
SRR964946_alt	133991	ENSG00000206195.11	ENST00000661115.1	DUXAP8	lncRNA	1677	1761	Novel	1	0.0309125504174667	0.0328958108858179
SRR964946_alt	131658	ENSG00000267827.5	ENST00000598982.5	AC011468.2	lncRNA	173	278	Novel	1	0.0309125504174667	0.0349141150112038
SRR964946_alt	268557	ENSG00000253187.2	ENST00000519935.1	HOXA10-AS	lncRNA	432	552	Novel	1	0.0309125504174667	0.0351801737644194
SRR964946_alt	201412	ENSG00000236682.2	ENST00000654347.1	MAP3K2-DT	lncRNA	166	298	Novel	1	0.0309125504174667	0.0353493834409802
GSE58207_alt	343220	ENSG00000281091.3	ENST00000628546.1	AL117327.1	lncRNA	97	211	Novel	10	0.031260271385546	0.0352057146934144
GSE81802_alt	105496	ENSG00000270164.1	ENST00000494375.2	LINC01480	lncRNA	70	316	Novel	2	0.0319576435087088	0.0025773267213965
GSE58207_alt	224707	ENSG00000249859.11	ENST00000523328.6	PVT1	lncRNA	120	312	Novel	28	0.0331411009815888	0.0019792266337876
GSE58207_alt	203248	ENSG00000249859.11	ENST00000663753.1	PVT1	lncRNA	6	180	Novel	27	0.0353393370241261	0.0016846080419833
GSE58207_alt	203247	ENSG00000249859.11	ENST00000657693.1	PVT1	lncRNA	10	274	Novel	27	0.0353393370241261	0.0045077565177873
SRR618770,618771,618772,618773_alt	139091	ENSG00000272763.1	ENST00000433510.2	AC103702.2	lncRNA	740	917	Novel	3	0.0359347568352119	0.00023534650979
SRR618770,618771,618772,618773_alt	377631	ENSG00000247134.7	ENST00000659524.1	AC090204.1	lncRNA	95	326	Novel	3	0.0359347568352119	0.0005343151253225
GSE119615_2_alt	204891	ENSG00000237125.10	ENST00000515310.5	HAND2-AS1	lncRNA	368	593	Novel	4	0.0375375354060829	8.865221394356008e-05
GSE119615_2_alt	204890	ENSG00000237125.10	ENST00000511196.5	HAND2-AS1	lncRNA	375	555	Novel	4	0.0375375354060829	0.0002433919928241
GSE119615_2_alt	204888	ENSG00000237125.10	ENST00000507636.5	HAND2-AS1	lncRNA	303	429	Novel	4	0.0375375354060829	0.0007890216885558
SRR964946_alt	281269	ENSG00000266402.3	ENST00000582965.1	SNHG25	lncRNA	66	105	Novel	4	0.0387542534771915	0.0001758974594288
GSE58207_alt	391301	ENSG00000232445.2	ENST00000663483.1	AC006329.1	lncRNA	469	712	Novel	2	0.0408775346142124	5.071280570057316e-06
GSE58207_alt	344492	ENSG00000255650.6	ENST00000541460.2	FAM222A-AS1	lncRNA	17	140	Novel	2	0.0408775346142124	0.0002250843100467
GSE58207_alt	78770	ENSG00000233695.2	ENST00000458001.2	GAS6-AS1	lncRNA	38	155	Novel	2	0.0408775346142124	0.001072763731798
GSE58207_alt	30743	ENSG00000259933.6	ENST00000570072.5	AC009065.2	lncRNA	194	251	Novel	2	0.0408775346142124	0.0019212367987959
GSE58207_alt	247500	ENSG00000250748.6	ENST00000537298.5	AC025419.1	lncRNA	4	235	Novel	2	0.0408775346142124	0.0022027401872683
GSE58207_alt	247501	ENSG00000250748.6	ENST00000539653.5	AC025419.1	lncRNA	206	467	Novel	2	0.0408775346142124	0.0022871376569782
GSE58207_alt	247502	ENSG00000250748.6	ENST00000535315.5	AC025419.1	lncRNA	1	280	Novel	2	0.0408775346142124	0.0023299492872965
GSE58207_alt	247499	ENSG00000250748.6	ENST00000544557.1	AC025419.1	lncRNA	216	378	Novel	2	0.0408775346142124	0.002478649685237
GSE58207_alt	82500	ENSG00000249859.11	ENST00000652492.1	PVT1	lncRNA	826	1015	Novel	2	0.0408775346142124	0.0035648506971359
GSE58207_alt	322848	ENSG00000234380.2	ENST00000419921.1	LINC01426	lncRNA	27	288	Novel	2	0.0408775346142124	0.0038047625596273
GSE58207_alt	82501	ENSG00000249859.11	ENST00000659625.1	PVT1	lncRNA	1015	1288	Novel	2	0.0408775346142124	0.007941262479533
GSE58207_alt	228808	ENSG00000227036.8	ENST00000648248.1	LINC00511	lncRNA	135	198	Novel	2	0.0408775346142124	0.0091843581565882
GSE58207_alt	366765	ENSG00000231806.3	ENST00000644721.1	PCAT7	lncRNA	78	246	Novel	2	0.0408775346142124	0.0111346096803476
GSE58207_alt	366766	ENSG00000231806.3	ENST00000647389.1	PCAT7	lncRNA	107	314	Novel	2	0.0408775346142124	0.0113606141248921
GSE58207_alt	288918	ENSG00000249550.7	ENST00000547963.1	LINC01234	lncRNA	114	309	Novel	2	0.0408775346142124	0.011579954455329
GSE58207_alt	384448	ENSG00000249859.11	ENST00000654105.1	PVT1	lncRNA	5	62	Novel	2	0.0408775346142124	0.0127475040682587
GSE58207_alt	25451	ENSG00000249550.7	ENST00000547963.1	LINC01234	lncRNA	150	309	Novel	2	0.0408775346142124	0.0250157833857369
GSE58207_alt	82497	ENSG00000249859.11	ENST00000522875.5	PVT1	lncRNA	849	921	Novel	2	0.0408775346142124	0.0339369550637161
GSE58207_alt	182306	ENSG00000272884.1	ENST00000575331.1	AC113189.4	lncRNA	5152	5236	Novel	2	0.0408775346142124	0.0343814281516327
GSE58207_alt	260428	ENSG00000225953.3	ENST00000442967.1	SATB2-AS1	lncRNA	473	560	Novel	2	0.0408775346142124	0.0344733242134051
GSE58207_alt	260429	ENSG00000225953.3	ENST00000666719.1	SATB2-AS1	lncRNA	383	479	Novel	2	0.0408775346142124	0.0347144456886899
GSE58207_alt	359254	ENSG00000243479.3	ENST00000480284.1	MNX1-AS1	lncRNA	379	547	Novel	2	0.0408775346142124	0.034972664133974
GSE58207_alt	82499	ENSG00000249859.11	ENST00000671092.1	PVT1	lncRNA	526	667	Novel	2	0.0408775346142124	0.035457348406986
GSE58207_alt	332828	ENSG00000231806.3	ENST00000644721.1	PCAT7	lncRNA	99	246	Novel	2	0.0408775346142124	0.0355219650448742
GSE58207_alt	82498	ENSG00000249859.11	ENST00000668215.1	PVT1	lncRNA	415	571	Novel	2	0.0408775346142124	0.035609551738593
GSE58207_alt	82496	ENSG00000249859.11	ENST00000666776.1	PVT1	lncRNA	1036	1249	Novel	2	0.0408775346142124	0.0359921309129904
GSE58207_alt	314546	ENSG00000224292.1	ENST00000445586.1	AF196972.1	lncRNA	26	266	Novel	2	0.0408775346142124	0.0361098414261209
SRR618770,618771,618772,618773_alt	122542	ENSG00000236682.2	ENST00000654347.1	MAP3K2-DT	lncRNA	47	155	Novel	2	0.0430701666677409	0.0058810117177131
SRR618770,618771,618772,618773_alt	357772	ENSG00000206195.11	ENST00000437781.5	DUXAP8	lncRNA	23	68	Novel	2	0.0430701666677409	0.034707222671815
SRR964946_alt	211522	ENSG00000261373.1	ENST00000562866.1	VPS9D1-AS1	lncRNA	626	668	Novel	2	0.046275066036928	0.0410525332138812
