analysis,dimension,threshold_value,scenario_label,sig_n_rows,sig_n_unique_peptides,coding_n_rows,coding_n_unique_peptides,ratio_sig_over_coding_unique,ratio_sig_over_coding_rows,ic50_source
baseline,all,,full_SB,617,182,40011,10987,0.016565031400746336,0.015420759291194922,iedb_netmhcpan_ba_ic50
leave_one_out,relax_immuno,,relax_immuno,2258,678,40011,10987,0.06170929280058251,0.05643448051785759,iedb_netmhcpan_ba_ic50
leave_one_out,relax_processing,,relax_processing,1212,346,40011,10987,0.03149176299262765,0.030291669790807527,iedb_netmhcpan_ba_ic50
leave_one_out,relax_EL,,relax_EL,617,182,41563,11261,0.01616197495781902,0.014844934196280345,iedb_netmhcpan_ba_ic50
leave_one_out,relax_IC50_binding,,relax_IC50_binding,9617,480,135360,17686,0.02714011082211919,0.0710475768321513,iedb_netmhcpan_ba_ic50
sensitivity,immuno_min,0.0,imm>0.0,1144,360,40011,10987,0.032765996177300444,0.028592137162280373,iedb_netmhcpan_ba_ic50
sensitivity,immuno_min,0.05,imm>0.05,853,271,40011,10987,0.024665513789023392,0.021319137237259752,iedb_netmhcpan_ba_ic50
sensitivity,immuno_min,0.1,imm>0.1,617,182,40011,10987,0.016565031400746336,0.015420759291194922,iedb_netmhcpan_ba_ic50
sensitivity,immuno_min,0.15,imm>0.15,465,127,40011,10987,0.011559115318103212,0.011621804003898928,iedb_netmhcpan_ba_ic50
sensitivity,immuno_min,0.2,imm>0.2,308,75,40011,10987,0.00682624920360426,0.007697883082152408,iedb_netmhcpan_ba_ic50
sensitivity,immuno_min,0.3,imm>0.3,46,14,0,0,,,iedb_netmhcpan_ba_ic50
sensitivity,processing_min,0.5,proc>0.5,1166,327,40011,10987,0.02976244652771457,0.02914198595386269,iedb_netmhcpan_ba_ic50
sensitivity,processing_min,1.0,proc>1.0,1021,280,40011,10987,0.0254846636934559,0.025517982554797432,iedb_netmhcpan_ba_ic50
sensitivity,processing_min,1.25,proc>1.25,799,229,40011,10987,0.020842814235005006,0.01996950838519407,iedb_netmhcpan_ba_ic50
sensitivity,processing_min,1.5,proc>1.5,617,182,40011,10987,0.016565031400746336,0.015420759291194922,iedb_netmhcpan_ba_ic50
sensitivity,processing_min,1.75,proc>1.75,462,127,40011,10987,0.011559115318103212,0.011546824623228612,iedb_netmhcpan_ba_ic50
sensitivity,processing_min,2.0,proc>2.0,268,71,0,0,,,iedb_netmhcpan_ba_ic50
sensitivity,processing_min,2.5,proc>2.5,115,26,0,0,,,iedb_netmhcpan_ba_ic50
sensitivity,el_rank_max_pct,1.0,EL<1.0,617,182,40011,10987,0.016565031400746336,0.015420759291194922,iedb_netmhcpan_ba_ic50
sensitivity,el_rank_max_pct,2.0,EL<2.0,617,182,41213,11208,0.0162384011420414,0.014971004294761362,iedb_netmhcpan_ba_ic50
sensitivity,el_rank_max_pct,3.0,EL<3.0,617,182,41458,11241,0.016190730362067432,0.01488253171884799,iedb_netmhcpan_ba_ic50
sensitivity,el_rank_max_pct,5.0,EL<5.0,617,182,41543,11258,0.016166281755196306,0.014852080976337771,iedb_netmhcpan_ba_ic50
sensitivity,el_rank_max_pct,10.0,EL<10.0,617,182,41562,11261,0.01616197495781902,0.014845291371926278,iedb_netmhcpan_ba_ic50
sensitivity,el_rank_max_pct,20.0,EL<20.0,617,182,41563,11261,0.01616197495781902,0.014844934196280345,iedb_netmhcpan_ba_ic50
sensitivity,ic50_max_nm,50.0,IC50<50nM,317,110,24036,8316,0.013227513227513227,0.013188550507571976,iedb_netmhcpan_ba_ic50
sensitivity,ic50_max_nm,100.0,IC50<100nM,507,155,33552,10028,0.015456721180694057,0.015110872675250358,iedb_netmhcpan_ba_ic50
sensitivity,ic50_max_nm,150.0,IC50<150nM,617,182,40011,10987,0.016565031400746336,0.015420759291194922,iedb_netmhcpan_ba_ic50
sensitivity,ic50_max_nm,250.0,IC50<250nM,775,216,49074,12174,0.017742730409068506,0.01579247666788931,iedb_netmhcpan_ba_ic50
sensitivity,ic50_max_nm,500.0,IC50<500nM,1133,269,63415,13665,0.01968532747896085,0.017866435385949696,iedb_netmhcpan_ba_ic50
sensitivity,ic50_max_nm,1000.0,IC50<1000nM,1677,327,80271,15163,0.021565653234847985,0.020891729267107674,iedb_netmhcpan_ba_ic50
sensitivity,ic50_max_nm,5000.0,IC50<5000nM,3732,417,120282,17339,0.024049829863313915,0.031027086347084353,iedb_netmhcpan_ba_ic50
