profile_id,imm_min,proc_min,el_max_pct,el_lte,ic50_max_nm,filter_label,n_sb_rows,n_unique_9mers,ic50_source,n_sb_rows_pct_of_baseline,n_unique_9mers_pct_of_baseline,n_sb_rows_fold_vs_baseline,n_unique_9mers_fold_vs_baseline
imm0p05_proc1p25_ellt1_ic50lt150,0.05,1.25,1.0,False,150.0,"imm>0.05, proc>1.25, EL<1%, IC50<150nM",130,33,iedb_netmhcpan_ba_ic50,100.0,100.0,1.0,1.0
imm0p05_proc1p25_ellt1_ic50lt500,0.05,1.25,1.0,False,500.0,"imm>0.05, proc>1.25, EL<1%, IC50<500nM",220,41,iedb_netmhcpan_ba_ic50,169.23076923076923,124.24242424242425,1.6923076923076923,1.2424242424242424
imm0p05_proc1p25_ellt1_ic50lt1000,0.05,1.25,1.0,False,1000.0,"imm>0.05, proc>1.25, EL<1%, IC50<1000nM",266,45,iedb_netmhcpan_ba_ic50,204.6153846153846,136.36363636363637,2.046153846153846,1.3636363636363635
imm0p05_proc1p25_ellt2_ic50lt150,0.05,1.25,2.0,False,150.0,"imm>0.05, proc>1.25, EL<2%, IC50<150nM",131,33,iedb_netmhcpan_ba_ic50,100.76923076923077,100.0,1.0076923076923077,1.0
imm0p05_proc1p25_ellt2_ic50lt500,0.05,1.25,2.0,False,500.0,"imm>0.05, proc>1.25, EL<2%, IC50<500nM",236,41,iedb_netmhcpan_ba_ic50,181.53846153846155,124.24242424242425,1.8153846153846154,1.2424242424242424
imm0p05_proc1p25_ellt2_ic50lt1000,0.05,1.25,2.0,False,1000.0,"imm>0.05, proc>1.25, EL<2%, IC50<1000nM",298,45,iedb_netmhcpan_ba_ic50,229.23076923076923,136.36363636363637,2.292307692307692,1.3636363636363635
imm0p05_proc1p25_ellt5_ic50lt150,0.05,1.25,5.0,False,150.0,"imm>0.05, proc>1.25, EL<5%, IC50<150nM",131,33,iedb_netmhcpan_ba_ic50,100.76923076923077,100.0,1.0076923076923077,1.0
imm0p05_proc1p25_ellt5_ic50lt500,0.05,1.25,5.0,False,500.0,"imm>0.05, proc>1.25, EL<5%, IC50<500nM",237,41,iedb_netmhcpan_ba_ic50,182.30769230769232,124.24242424242425,1.823076923076923,1.2424242424242424
imm0p05_proc1p25_ellt5_ic50lt1000,0.05,1.25,5.0,False,1000.0,"imm>0.05, proc>1.25, EL<5%, IC50<1000nM",300,45,iedb_netmhcpan_ba_ic50,230.76923076923077,136.36363636363637,2.3076923076923075,1.3636363636363635
imm0p05_proc1p25_ellt10_ic50lt150,0.05,1.25,10.0,False,150.0,"imm>0.05, proc>1.25, EL<10%, IC50<150nM",131,33,iedb_netmhcpan_ba_ic50,100.76923076923077,100.0,1.0076923076923077,1.0
imm0p05_proc1p25_ellt10_ic50lt500,0.05,1.25,10.0,False,500.0,"imm>0.05, proc>1.25, EL<10%, IC50<500nM",237,41,iedb_netmhcpan_ba_ic50,182.30769230769232,124.24242424242425,1.823076923076923,1.2424242424242424
imm0p05_proc1p25_ellt10_ic50lt1000,0.05,1.25,10.0,False,1000.0,"imm>0.05, proc>1.25, EL<10%, IC50<1000nM",300,45,iedb_netmhcpan_ba_ic50,230.76923076923077,136.36363636363637,2.3076923076923075,1.3636363636363635
imm0p05_proc1p5_ellt1_ic50lt150,0.05,1.5,1.0,False,150.0,"imm>0.05, proc>1.5, EL<1%, IC50<150nM",130,33,iedb_netmhcpan_ba_ic50,100.0,100.0,1.0,1.0
imm0p05_proc1p5_ellt1_ic50lt500,0.05,1.5,1.0,False,500.0,"imm>0.05, proc>1.5, EL<1%, IC50<500nM",220,41,iedb_netmhcpan_ba_ic50,169.23076923076923,124.24242424242425,1.6923076923076923,1.2424242424242424
imm0p05_proc1p5_ellt1_ic50lt1000,0.05,1.5,1.0,False,1000.0,"imm>0.05, proc>1.5, EL<1%, IC50<1000nM",266,45,iedb_netmhcpan_ba_ic50,204.6153846153846,136.36363636363637,2.046153846153846,1.3636363636363635
imm0p05_proc1p5_ellt2_ic50lt150,0.05,1.5,2.0,False,150.0,"imm>0.05, proc>1.5, EL<2%, IC50<150nM",131,33,iedb_netmhcpan_ba_ic50,100.76923076923077,100.0,1.0076923076923077,1.0
imm0p05_proc1p5_ellt2_ic50lt500,0.05,1.5,2.0,False,500.0,"imm>0.05, proc>1.5, EL<2%, IC50<500nM",236,41,iedb_netmhcpan_ba_ic50,181.53846153846155,124.24242424242425,1.8153846153846154,1.2424242424242424
imm0p05_proc1p5_ellt2_ic50lt1000,0.05,1.5,2.0,False,1000.0,"imm>0.05, proc>1.5, EL<2%, IC50<1000nM",298,45,iedb_netmhcpan_ba_ic50,229.23076923076923,136.36363636363637,2.292307692307692,1.3636363636363635
imm0p05_proc1p5_ellt5_ic50lt150,0.05,1.5,5.0,False,150.0,"imm>0.05, proc>1.5, EL<5%, IC50<150nM",131,33,iedb_netmhcpan_ba_ic50,100.76923076923077,100.0,1.0076923076923077,1.0
imm0p05_proc1p5_ellt5_ic50lt500,0.05,1.5,5.0,False,500.0,"imm>0.05, proc>1.5, EL<5%, IC50<500nM",237,41,iedb_netmhcpan_ba_ic50,182.30769230769232,124.24242424242425,1.823076923076923,1.2424242424242424
imm0p05_proc1p5_ellt5_ic50lt1000,0.05,1.5,5.0,False,1000.0,"imm>0.05, proc>1.5, EL<5%, IC50<1000nM",300,45,iedb_netmhcpan_ba_ic50,230.76923076923077,136.36363636363637,2.3076923076923075,1.3636363636363635
imm0p05_proc1p5_ellt10_ic50lt150,0.05,1.5,10.0,False,150.0,"imm>0.05, proc>1.5, EL<10%, IC50<150nM",131,33,iedb_netmhcpan_ba_ic50,100.76923076923077,100.0,1.0076923076923077,1.0
imm0p05_proc1p5_ellt10_ic50lt500,0.05,1.5,10.0,False,500.0,"imm>0.05, proc>1.5, EL<10%, IC50<500nM",237,41,iedb_netmhcpan_ba_ic50,182.30769230769232,124.24242424242425,1.823076923076923,1.2424242424242424
imm0p05_proc1p5_ellt10_ic50lt1000,0.05,1.5,10.0,False,1000.0,"imm>0.05, proc>1.5, EL<10%, IC50<1000nM",300,45,iedb_netmhcpan_ba_ic50,230.76923076923077,136.36363636363637,2.3076923076923075,1.3636363636363635
imm0p05_proc1p75_ellt1_ic50lt150,0.05,1.75,1.0,False,150.0,"imm>0.05, proc>1.75, EL<1%, IC50<150nM",130,33,iedb_netmhcpan_ba_ic50,100.0,100.0,1.0,1.0
imm0p05_proc1p75_ellt1_ic50lt500,0.05,1.75,1.0,False,500.0,"imm>0.05, proc>1.75, EL<1%, IC50<500nM",220,41,iedb_netmhcpan_ba_ic50,169.23076923076923,124.24242424242425,1.6923076923076923,1.2424242424242424
imm0p05_proc1p75_ellt1_ic50lt1000,0.05,1.75,1.0,False,1000.0,"imm>0.05, proc>1.75, EL<1%, IC50<1000nM",266,45,iedb_netmhcpan_ba_ic50,204.6153846153846,136.36363636363637,2.046153846153846,1.3636363636363635
imm0p05_proc1p75_ellt2_ic50lt150,0.05,1.75,2.0,False,150.0,"imm>0.05, proc>1.75, EL<2%, IC50<150nM",131,33,iedb_netmhcpan_ba_ic50,100.76923076923077,100.0,1.0076923076923077,1.0
imm0p05_proc1p75_ellt2_ic50lt500,0.05,1.75,2.0,False,500.0,"imm>0.05, proc>1.75, EL<2%, IC50<500nM",236,41,iedb_netmhcpan_ba_ic50,181.53846153846155,124.24242424242425,1.8153846153846154,1.2424242424242424
imm0p05_proc1p75_ellt2_ic50lt1000,0.05,1.75,2.0,False,1000.0,"imm>0.05, proc>1.75, EL<2%, IC50<1000nM",298,45,iedb_netmhcpan_ba_ic50,229.23076923076923,136.36363636363637,2.292307692307692,1.3636363636363635
imm0p05_proc1p75_ellt5_ic50lt150,0.05,1.75,5.0,False,150.0,"imm>0.05, proc>1.75, EL<5%, IC50<150nM",131,33,iedb_netmhcpan_ba_ic50,100.76923076923077,100.0,1.0076923076923077,1.0
imm0p05_proc1p75_ellt5_ic50lt500,0.05,1.75,5.0,False,500.0,"imm>0.05, proc>1.75, EL<5%, IC50<500nM",237,41,iedb_netmhcpan_ba_ic50,182.30769230769232,124.24242424242425,1.823076923076923,1.2424242424242424
imm0p05_proc1p75_ellt5_ic50lt1000,0.05,1.75,5.0,False,1000.0,"imm>0.05, proc>1.75, EL<5%, IC50<1000nM",300,45,iedb_netmhcpan_ba_ic50,230.76923076923077,136.36363636363637,2.3076923076923075,1.3636363636363635
imm0p05_proc1p75_ellt10_ic50lt150,0.05,1.75,10.0,False,150.0,"imm>0.05, proc>1.75, EL<10%, IC50<150nM",131,33,iedb_netmhcpan_ba_ic50,100.76923076923077,100.0,1.0076923076923077,1.0
imm0p05_proc1p75_ellt10_ic50lt500,0.05,1.75,10.0,False,500.0,"imm>0.05, proc>1.75, EL<10%, IC50<500nM",237,41,iedb_netmhcpan_ba_ic50,182.30769230769232,124.24242424242425,1.823076923076923,1.2424242424242424
imm0p05_proc1p75_ellt10_ic50lt1000,0.05,1.75,10.0,False,1000.0,"imm>0.05, proc>1.75, EL<10%, IC50<1000nM",300,45,iedb_netmhcpan_ba_ic50,230.76923076923077,136.36363636363637,2.3076923076923075,1.3636363636363635
imm0p1_proc1p25_ellt1_ic50lt150,0.1,1.25,1.0,False,150.0,"imm>0.1, proc>1.25, EL<1%, IC50<150nM",130,33,iedb_netmhcpan_ba_ic50,100.0,100.0,1.0,1.0
imm0p1_proc1p25_ellt1_ic50lt500,0.1,1.25,1.0,False,500.0,"imm>0.1, proc>1.25, EL<1%, IC50<500nM",220,41,iedb_netmhcpan_ba_ic50,169.23076923076923,124.24242424242425,1.6923076923076923,1.2424242424242424
imm0p1_proc1p25_ellt1_ic50lt1000,0.1,1.25,1.0,False,1000.0,"imm>0.1, proc>1.25, EL<1%, IC50<1000nM",266,45,iedb_netmhcpan_ba_ic50,204.6153846153846,136.36363636363637,2.046153846153846,1.3636363636363635
imm0p1_proc1p25_ellt2_ic50lt150,0.1,1.25,2.0,False,150.0,"imm>0.1, proc>1.25, EL<2%, IC50<150nM",131,33,iedb_netmhcpan_ba_ic50,100.76923076923077,100.0,1.0076923076923077,1.0
imm0p1_proc1p25_ellt2_ic50lt500,0.1,1.25,2.0,False,500.0,"imm>0.1, proc>1.25, EL<2%, IC50<500nM",236,41,iedb_netmhcpan_ba_ic50,181.53846153846155,124.24242424242425,1.8153846153846154,1.2424242424242424
imm0p1_proc1p25_ellt2_ic50lt1000,0.1,1.25,2.0,False,1000.0,"imm>0.1, proc>1.25, EL<2%, IC50<1000nM",298,45,iedb_netmhcpan_ba_ic50,229.23076923076923,136.36363636363637,2.292307692307692,1.3636363636363635
imm0p1_proc1p25_ellt5_ic50lt150,0.1,1.25,5.0,False,150.0,"imm>0.1, proc>1.25, EL<5%, IC50<150nM",131,33,iedb_netmhcpan_ba_ic50,100.76923076923077,100.0,1.0076923076923077,1.0
imm0p1_proc1p25_ellt5_ic50lt500,0.1,1.25,5.0,False,500.0,"imm>0.1, proc>1.25, EL<5%, IC50<500nM",237,41,iedb_netmhcpan_ba_ic50,182.30769230769232,124.24242424242425,1.823076923076923,1.2424242424242424
imm0p1_proc1p25_ellt5_ic50lt1000,0.1,1.25,5.0,False,1000.0,"imm>0.1, proc>1.25, EL<5%, IC50<1000nM",300,45,iedb_netmhcpan_ba_ic50,230.76923076923077,136.36363636363637,2.3076923076923075,1.3636363636363635
imm0p1_proc1p25_ellt10_ic50lt150,0.1,1.25,10.0,False,150.0,"imm>0.1, proc>1.25, EL<10%, IC50<150nM",131,33,iedb_netmhcpan_ba_ic50,100.76923076923077,100.0,1.0076923076923077,1.0
imm0p1_proc1p25_ellt10_ic50lt500,0.1,1.25,10.0,False,500.0,"imm>0.1, proc>1.25, EL<10%, IC50<500nM",237,41,iedb_netmhcpan_ba_ic50,182.30769230769232,124.24242424242425,1.823076923076923,1.2424242424242424
imm0p1_proc1p25_ellt10_ic50lt1000,0.1,1.25,10.0,False,1000.0,"imm>0.1, proc>1.25, EL<10%, IC50<1000nM",300,45,iedb_netmhcpan_ba_ic50,230.76923076923077,136.36363636363637,2.3076923076923075,1.3636363636363635
imm0p1_proc1p5_ellt1_ic50lt150,0.1,1.5,1.0,False,150.0,"imm>0.1, proc>1.5, EL<1%, IC50<150nM",130,33,iedb_netmhcpan_ba_ic50,100.0,100.0,1.0,1.0
imm0p1_proc1p5_ellt1_ic50lt500,0.1,1.5,1.0,False,500.0,"imm>0.1, proc>1.5, EL<1%, IC50<500nM",220,41,iedb_netmhcpan_ba_ic50,169.23076923076923,124.24242424242425,1.6923076923076923,1.2424242424242424
imm0p1_proc1p5_ellt1_ic50lt1000,0.1,1.5,1.0,False,1000.0,"imm>0.1, proc>1.5, EL<1%, IC50<1000nM",266,45,iedb_netmhcpan_ba_ic50,204.6153846153846,136.36363636363637,2.046153846153846,1.3636363636363635
imm0p1_proc1p5_ellt2_ic50lt150,0.1,1.5,2.0,False,150.0,"imm>0.1, proc>1.5, EL<2%, IC50<150nM",131,33,iedb_netmhcpan_ba_ic50,100.76923076923077,100.0,1.0076923076923077,1.0
imm0p1_proc1p5_ellt2_ic50lt500,0.1,1.5,2.0,False,500.0,"imm>0.1, proc>1.5, EL<2%, IC50<500nM",236,41,iedb_netmhcpan_ba_ic50,181.53846153846155,124.24242424242425,1.8153846153846154,1.2424242424242424
imm0p1_proc1p5_ellt2_ic50lt1000,0.1,1.5,2.0,False,1000.0,"imm>0.1, proc>1.5, EL<2%, IC50<1000nM",298,45,iedb_netmhcpan_ba_ic50,229.23076923076923,136.36363636363637,2.292307692307692,1.3636363636363635
imm0p1_proc1p5_ellt5_ic50lt150,0.1,1.5,5.0,False,150.0,"imm>0.1, proc>1.5, EL<5%, IC50<150nM",131,33,iedb_netmhcpan_ba_ic50,100.76923076923077,100.0,1.0076923076923077,1.0
imm0p1_proc1p5_ellt5_ic50lt500,0.1,1.5,5.0,False,500.0,"imm>0.1, proc>1.5, EL<5%, IC50<500nM",237,41,iedb_netmhcpan_ba_ic50,182.30769230769232,124.24242424242425,1.823076923076923,1.2424242424242424
imm0p1_proc1p5_ellt5_ic50lt1000,0.1,1.5,5.0,False,1000.0,"imm>0.1, proc>1.5, EL<5%, IC50<1000nM",300,45,iedb_netmhcpan_ba_ic50,230.76923076923077,136.36363636363637,2.3076923076923075,1.3636363636363635
imm0p1_proc1p5_ellt10_ic50lt150,0.1,1.5,10.0,False,150.0,"imm>0.1, proc>1.5, EL<10%, IC50<150nM",131,33,iedb_netmhcpan_ba_ic50,100.76923076923077,100.0,1.0076923076923077,1.0
imm0p1_proc1p5_ellt10_ic50lt500,0.1,1.5,10.0,False,500.0,"imm>0.1, proc>1.5, EL<10%, IC50<500nM",237,41,iedb_netmhcpan_ba_ic50,182.30769230769232,124.24242424242425,1.823076923076923,1.2424242424242424
imm0p1_proc1p5_ellt10_ic50lt1000,0.1,1.5,10.0,False,1000.0,"imm>0.1, proc>1.5, EL<10%, IC50<1000nM",300,45,iedb_netmhcpan_ba_ic50,230.76923076923077,136.36363636363637,2.3076923076923075,1.3636363636363635
imm0p1_proc1p75_ellt1_ic50lt150,0.1,1.75,1.0,False,150.0,"imm>0.1, proc>1.75, EL<1%, IC50<150nM",130,33,iedb_netmhcpan_ba_ic50,100.0,100.0,1.0,1.0
imm0p1_proc1p75_ellt1_ic50lt500,0.1,1.75,1.0,False,500.0,"imm>0.1, proc>1.75, EL<1%, IC50<500nM",220,41,iedb_netmhcpan_ba_ic50,169.23076923076923,124.24242424242425,1.6923076923076923,1.2424242424242424
imm0p1_proc1p75_ellt1_ic50lt1000,0.1,1.75,1.0,False,1000.0,"imm>0.1, proc>1.75, EL<1%, IC50<1000nM",266,45,iedb_netmhcpan_ba_ic50,204.6153846153846,136.36363636363637,2.046153846153846,1.3636363636363635
imm0p1_proc1p75_ellt2_ic50lt150,0.1,1.75,2.0,False,150.0,"imm>0.1, proc>1.75, EL<2%, IC50<150nM",131,33,iedb_netmhcpan_ba_ic50,100.76923076923077,100.0,1.0076923076923077,1.0
imm0p1_proc1p75_ellt2_ic50lt500,0.1,1.75,2.0,False,500.0,"imm>0.1, proc>1.75, EL<2%, IC50<500nM",236,41,iedb_netmhcpan_ba_ic50,181.53846153846155,124.24242424242425,1.8153846153846154,1.2424242424242424
imm0p1_proc1p75_ellt2_ic50lt1000,0.1,1.75,2.0,False,1000.0,"imm>0.1, proc>1.75, EL<2%, IC50<1000nM",298,45,iedb_netmhcpan_ba_ic50,229.23076923076923,136.36363636363637,2.292307692307692,1.3636363636363635
imm0p1_proc1p75_ellt5_ic50lt150,0.1,1.75,5.0,False,150.0,"imm>0.1, proc>1.75, EL<5%, IC50<150nM",131,33,iedb_netmhcpan_ba_ic50,100.76923076923077,100.0,1.0076923076923077,1.0
imm0p1_proc1p75_ellt5_ic50lt500,0.1,1.75,5.0,False,500.0,"imm>0.1, proc>1.75, EL<5%, IC50<500nM",237,41,iedb_netmhcpan_ba_ic50,182.30769230769232,124.24242424242425,1.823076923076923,1.2424242424242424
imm0p1_proc1p75_ellt5_ic50lt1000,0.1,1.75,5.0,False,1000.0,"imm>0.1, proc>1.75, EL<5%, IC50<1000nM",300,45,iedb_netmhcpan_ba_ic50,230.76923076923077,136.36363636363637,2.3076923076923075,1.3636363636363635
imm0p1_proc1p75_ellt10_ic50lt150,0.1,1.75,10.0,False,150.0,"imm>0.1, proc>1.75, EL<10%, IC50<150nM",131,33,iedb_netmhcpan_ba_ic50,100.76923076923077,100.0,1.0076923076923077,1.0
imm0p1_proc1p75_ellt10_ic50lt500,0.1,1.75,10.0,False,500.0,"imm>0.1, proc>1.75, EL<10%, IC50<500nM",237,41,iedb_netmhcpan_ba_ic50,182.30769230769232,124.24242424242425,1.823076923076923,1.2424242424242424
imm0p1_proc1p75_ellt10_ic50lt1000,0.1,1.75,10.0,False,1000.0,"imm>0.1, proc>1.75, EL<10%, IC50<1000nM",300,45,iedb_netmhcpan_ba_ic50,230.76923076923077,136.36363636363637,2.3076923076923075,1.3636363636363635
imm0p15_proc1p25_ellt1_ic50lt150,0.15,1.25,1.0,False,150.0,"imm>0.15, proc>1.25, EL<1%, IC50<150nM",130,33,iedb_netmhcpan_ba_ic50,100.0,100.0,1.0,1.0
imm0p15_proc1p25_ellt1_ic50lt500,0.15,1.25,1.0,False,500.0,"imm>0.15, proc>1.25, EL<1%, IC50<500nM",220,41,iedb_netmhcpan_ba_ic50,169.23076923076923,124.24242424242425,1.6923076923076923,1.2424242424242424
imm0p15_proc1p25_ellt1_ic50lt1000,0.15,1.25,1.0,False,1000.0,"imm>0.15, proc>1.25, EL<1%, IC50<1000nM",266,45,iedb_netmhcpan_ba_ic50,204.6153846153846,136.36363636363637,2.046153846153846,1.3636363636363635
imm0p15_proc1p25_ellt2_ic50lt150,0.15,1.25,2.0,False,150.0,"imm>0.15, proc>1.25, EL<2%, IC50<150nM",131,33,iedb_netmhcpan_ba_ic50,100.76923076923077,100.0,1.0076923076923077,1.0
imm0p15_proc1p25_ellt2_ic50lt500,0.15,1.25,2.0,False,500.0,"imm>0.15, proc>1.25, EL<2%, IC50<500nM",236,41,iedb_netmhcpan_ba_ic50,181.53846153846155,124.24242424242425,1.8153846153846154,1.2424242424242424
imm0p15_proc1p25_ellt2_ic50lt1000,0.15,1.25,2.0,False,1000.0,"imm>0.15, proc>1.25, EL<2%, IC50<1000nM",298,45,iedb_netmhcpan_ba_ic50,229.23076923076923,136.36363636363637,2.292307692307692,1.3636363636363635
imm0p15_proc1p25_ellt5_ic50lt150,0.15,1.25,5.0,False,150.0,"imm>0.15, proc>1.25, EL<5%, IC50<150nM",131,33,iedb_netmhcpan_ba_ic50,100.76923076923077,100.0,1.0076923076923077,1.0
imm0p15_proc1p25_ellt5_ic50lt500,0.15,1.25,5.0,False,500.0,"imm>0.15, proc>1.25, EL<5%, IC50<500nM",237,41,iedb_netmhcpan_ba_ic50,182.30769230769232,124.24242424242425,1.823076923076923,1.2424242424242424
imm0p15_proc1p25_ellt5_ic50lt1000,0.15,1.25,5.0,False,1000.0,"imm>0.15, proc>1.25, EL<5%, IC50<1000nM",300,45,iedb_netmhcpan_ba_ic50,230.76923076923077,136.36363636363637,2.3076923076923075,1.3636363636363635
imm0p15_proc1p25_ellt10_ic50lt150,0.15,1.25,10.0,False,150.0,"imm>0.15, proc>1.25, EL<10%, IC50<150nM",131,33,iedb_netmhcpan_ba_ic50,100.76923076923077,100.0,1.0076923076923077,1.0
imm0p15_proc1p25_ellt10_ic50lt500,0.15,1.25,10.0,False,500.0,"imm>0.15, proc>1.25, EL<10%, IC50<500nM",237,41,iedb_netmhcpan_ba_ic50,182.30769230769232,124.24242424242425,1.823076923076923,1.2424242424242424
imm0p15_proc1p25_ellt10_ic50lt1000,0.15,1.25,10.0,False,1000.0,"imm>0.15, proc>1.25, EL<10%, IC50<1000nM",300,45,iedb_netmhcpan_ba_ic50,230.76923076923077,136.36363636363637,2.3076923076923075,1.3636363636363635
imm0p15_proc1p5_ellt1_ic50lt150,0.15,1.5,1.0,False,150.0,"imm>0.15, proc>1.5, EL<1%, IC50<150nM",130,33,iedb_netmhcpan_ba_ic50,100.0,100.0,1.0,1.0
imm0p15_proc1p5_ellt1_ic50lt500,0.15,1.5,1.0,False,500.0,"imm>0.15, proc>1.5, EL<1%, IC50<500nM",220,41,iedb_netmhcpan_ba_ic50,169.23076923076923,124.24242424242425,1.6923076923076923,1.2424242424242424
imm0p15_proc1p5_ellt1_ic50lt1000,0.15,1.5,1.0,False,1000.0,"imm>0.15, proc>1.5, EL<1%, IC50<1000nM",266,45,iedb_netmhcpan_ba_ic50,204.6153846153846,136.36363636363637,2.046153846153846,1.3636363636363635
imm0p15_proc1p5_ellt2_ic50lt150,0.15,1.5,2.0,False,150.0,"imm>0.15, proc>1.5, EL<2%, IC50<150nM",131,33,iedb_netmhcpan_ba_ic50,100.76923076923077,100.0,1.0076923076923077,1.0
imm0p15_proc1p5_ellt2_ic50lt500,0.15,1.5,2.0,False,500.0,"imm>0.15, proc>1.5, EL<2%, IC50<500nM",236,41,iedb_netmhcpan_ba_ic50,181.53846153846155,124.24242424242425,1.8153846153846154,1.2424242424242424
imm0p15_proc1p5_ellt2_ic50lt1000,0.15,1.5,2.0,False,1000.0,"imm>0.15, proc>1.5, EL<2%, IC50<1000nM",298,45,iedb_netmhcpan_ba_ic50,229.23076923076923,136.36363636363637,2.292307692307692,1.3636363636363635
imm0p15_proc1p5_ellt5_ic50lt150,0.15,1.5,5.0,False,150.0,"imm>0.15, proc>1.5, EL<5%, IC50<150nM",131,33,iedb_netmhcpan_ba_ic50,100.76923076923077,100.0,1.0076923076923077,1.0
imm0p15_proc1p5_ellt5_ic50lt500,0.15,1.5,5.0,False,500.0,"imm>0.15, proc>1.5, EL<5%, IC50<500nM",237,41,iedb_netmhcpan_ba_ic50,182.30769230769232,124.24242424242425,1.823076923076923,1.2424242424242424
imm0p15_proc1p5_ellt5_ic50lt1000,0.15,1.5,5.0,False,1000.0,"imm>0.15, proc>1.5, EL<5%, IC50<1000nM",300,45,iedb_netmhcpan_ba_ic50,230.76923076923077,136.36363636363637,2.3076923076923075,1.3636363636363635
imm0p15_proc1p5_ellt10_ic50lt150,0.15,1.5,10.0,False,150.0,"imm>0.15, proc>1.5, EL<10%, IC50<150nM",131,33,iedb_netmhcpan_ba_ic50,100.76923076923077,100.0,1.0076923076923077,1.0
imm0p15_proc1p5_ellt10_ic50lt500,0.15,1.5,10.0,False,500.0,"imm>0.15, proc>1.5, EL<10%, IC50<500nM",237,41,iedb_netmhcpan_ba_ic50,182.30769230769232,124.24242424242425,1.823076923076923,1.2424242424242424
imm0p15_proc1p5_ellt10_ic50lt1000,0.15,1.5,10.0,False,1000.0,"imm>0.15, proc>1.5, EL<10%, IC50<1000nM",300,45,iedb_netmhcpan_ba_ic50,230.76923076923077,136.36363636363637,2.3076923076923075,1.3636363636363635
imm0p15_proc1p75_ellt1_ic50lt150,0.15,1.75,1.0,False,150.0,"imm>0.15, proc>1.75, EL<1%, IC50<150nM",130,33,iedb_netmhcpan_ba_ic50,100.0,100.0,1.0,1.0
imm0p15_proc1p75_ellt1_ic50lt500,0.15,1.75,1.0,False,500.0,"imm>0.15, proc>1.75, EL<1%, IC50<500nM",220,41,iedb_netmhcpan_ba_ic50,169.23076923076923,124.24242424242425,1.6923076923076923,1.2424242424242424
imm0p15_proc1p75_ellt1_ic50lt1000,0.15,1.75,1.0,False,1000.0,"imm>0.15, proc>1.75, EL<1%, IC50<1000nM",266,45,iedb_netmhcpan_ba_ic50,204.6153846153846,136.36363636363637,2.046153846153846,1.3636363636363635
imm0p15_proc1p75_ellt2_ic50lt150,0.15,1.75,2.0,False,150.0,"imm>0.15, proc>1.75, EL<2%, IC50<150nM",131,33,iedb_netmhcpan_ba_ic50,100.76923076923077,100.0,1.0076923076923077,1.0
imm0p15_proc1p75_ellt2_ic50lt500,0.15,1.75,2.0,False,500.0,"imm>0.15, proc>1.75, EL<2%, IC50<500nM",236,41,iedb_netmhcpan_ba_ic50,181.53846153846155,124.24242424242425,1.8153846153846154,1.2424242424242424
imm0p15_proc1p75_ellt2_ic50lt1000,0.15,1.75,2.0,False,1000.0,"imm>0.15, proc>1.75, EL<2%, IC50<1000nM",298,45,iedb_netmhcpan_ba_ic50,229.23076923076923,136.36363636363637,2.292307692307692,1.3636363636363635
imm0p15_proc1p75_ellt5_ic50lt150,0.15,1.75,5.0,False,150.0,"imm>0.15, proc>1.75, EL<5%, IC50<150nM",131,33,iedb_netmhcpan_ba_ic50,100.76923076923077,100.0,1.0076923076923077,1.0
imm0p15_proc1p75_ellt5_ic50lt500,0.15,1.75,5.0,False,500.0,"imm>0.15, proc>1.75, EL<5%, IC50<500nM",237,41,iedb_netmhcpan_ba_ic50,182.30769230769232,124.24242424242425,1.823076923076923,1.2424242424242424
imm0p15_proc1p75_ellt5_ic50lt1000,0.15,1.75,5.0,False,1000.0,"imm>0.15, proc>1.75, EL<5%, IC50<1000nM",300,45,iedb_netmhcpan_ba_ic50,230.76923076923077,136.36363636363637,2.3076923076923075,1.3636363636363635
imm0p15_proc1p75_ellt10_ic50lt150,0.15,1.75,10.0,False,150.0,"imm>0.15, proc>1.75, EL<10%, IC50<150nM",131,33,iedb_netmhcpan_ba_ic50,100.76923076923077,100.0,1.0076923076923077,1.0
imm0p15_proc1p75_ellt10_ic50lt500,0.15,1.75,10.0,False,500.0,"imm>0.15, proc>1.75, EL<10%, IC50<500nM",237,41,iedb_netmhcpan_ba_ic50,182.30769230769232,124.24242424242425,1.823076923076923,1.2424242424242424
imm0p15_proc1p75_ellt10_ic50lt1000,0.15,1.75,10.0,False,1000.0,"imm>0.15, proc>1.75, EL<10%, IC50<1000nM",300,45,iedb_netmhcpan_ba_ic50,230.76923076923077,136.36363636363637,2.3076923076923075,1.3636363636363635
